top,left,date,qtr,time_remaining,result,shot_type,distance_ft,lead,lebron_team_score,opponent_team_score,opponent,team,season,color
323,329,"Oct 18, 2022",1st Qtr,8:52,False,3,28,False,2,9,BOS,PHI,2023,red
340,265,"Oct 18, 2022",1st Qtr,4:08,True,3,29,True,18,17,BOS,PHI,2023,green
304,318,"Oct 18, 2022",1st Qtr,2:51,True,3,26,True,22,17,BOS,PHI,2023,green
116,280,"Oct 18, 2022",1st Qtr,2:21,True,2,7,True,25,17,BOS,PHI,2023,green
320,188,"Oct 18, 2022",2nd Qtr,6:21,True,3,27,True,45,43,BOS,PHI,2023,green
175,285,"Oct 18, 2022",2nd Qtr,3:19,False,2,13,True,55,53,BOS,PHI,2023,red
318,131,"Oct 18, 2022",2nd Qtr,2:30,False,3,29,True,58,55,BOS,PHI,2023,red
336,192,"Oct 18, 2022",2nd Qtr,0:48,True,3,29,False,61,61,BOS,PHI,2023,green
333,283,"Oct 18, 2022",2nd Qtr,0:00,False,3,28,False,63,63,BOS,PHI,2023,red
189,198,"Oct 18, 2022",3rd Qtr,7:16,True,2,14,False,72,76,BOS,PHI,2023,green
248,197,"Oct 18, 2022",3rd Qtr,6:21,True,2,20,False,74,78,BOS,PHI,2023,green
61,273,"Oct 18, 2022",3rd Qtr,2:41,True,2,3,False,82,90,BOS,PHI,2023,green
323,253,"Oct 18, 2022",3rd Qtr,2:01,False,3,27,False,82,93,BOS,PHI,2023,red
264,83,"Oct 18, 2022",4th Qtr,3:01,True,3,26,False,106,118,BOS,PHI,2023,green
188,177,"Oct 20, 2022",1st Qtr,8:50,False,2,15,False,8,10,MIL,PHI,2023,red
282,139,"Oct 20, 2022",1st Qtr,6:58,False,3,25,False,11,18,MIL,PHI,2023,red
163,334,"Oct 20, 2022",1st Qtr,5:51,False,2,14,False,11,18,MIL,PHI,2023,red
265,398,"Oct 20, 2022",1st Qtr,4:18,True,3,26,False,16,21,MIL,PHI,2023,green
59,112,"Oct 20, 2022",2nd Qtr,10:05,True,2,13,False,31,32,MIL,PHI,2023,green
143,200,"Oct 20, 2022",2nd Qtr,7:36,False,2,10,False,33,36,MIL,PHI,2023,red
76,244,"Oct 20, 2022",2nd Qtr,5:38,True,2,2,False,35,38,MIL,PHI,2023,green
138,227,"Oct 20, 2022",2nd Qtr,0:39,True,2,9,False,45,47,MIL,PHI,2023,green
168,248,"Oct 20, 2022",3rd Qtr,10:16,True,2,12,False,49,52,MIL,PHI,2023,green
192,247,"Oct 20, 2022",3rd Qtr,9:51,True,2,14,False,51,52,MIL,PHI,2023,green
138,468,"Oct 20, 2022",3rd Qtr,8:58,False,3,24,False,51,52,MIL,PHI,2023,red
199,450,"Oct 20, 2022",3rd Qtr,6:55,False,3,26,False,53,54,MIL,PHI,2023,red
224,254,"Oct 20, 2022",4th Qtr,10:21,True,2,17,False,67,78,MIL,PHI,2023,green
79,232,"Oct 20, 2022",4th Qtr,9:19,True,2,3,False,71,80,MIL,PHI,2023,green
218,343,"Oct 20, 2022",4th Qtr,8:41,True,2,19,False,73,80,MIL,PHI,2023,green
277,111,"Oct 20, 2022",4th Qtr,8:01,False,3,26,False,73,80,MIL,PHI,2023,red
86,234,"Oct 20, 2022",4th Qtr,6:51,False,2,3,False,78,80,MIL,PHI,2023,red
61,231,"Oct 20, 2022",4th Qtr,6:42,True,2,1,False,80,80,MIL,PHI,2023,green
187,354,"Oct 20, 2022",4th Qtr,5:24,True,2,18,False,82,82,MIL,PHI,2023,green
292,312,"Oct 20, 2022",4th Qtr,4:54,False,3,25,False,82,82,MIL,PHI,2023,red
277,393,"Oct 20, 2022",4th Qtr,4:14,False,3,27,False,82,82,MIL,PHI,2023,red
213,198,"Oct 20, 2022",4th Qtr,3:06,True,2,17,False,84,84,MIL,PHI,2023,green
189,161,"Oct 20, 2022",4th Qtr,1:43,True,2,16,True,86,84,MIL,PHI,2023,green
45,206,"Oct 20, 2022",4th Qtr,0:04,False,2,4,False,88,89,MIL,PHI,2023,red
115,322,"Oct 22, 2022",1st Qtr,9:59,False,2,10,False,0,0,SAS,PHI,2023,red
57,227,"Oct 22, 2022",1st Qtr,4:46,True,2,1,True,18,12,SAS,PHI,2023,green
172,304,"Oct 22, 2022",1st Qtr,3:30,True,2,14,True,20,12,SAS,PHI,2023,green
108,217,"Oct 22, 2022",1st Qtr,3:09,False,2,6,True,20,12,SAS,PHI,2023,red
287,372,"Oct 22, 2022",1st Qtr,1:13,False,3,27,True,23,19,SAS,PHI,2023,red
69,184,"Oct 22, 2022",2nd Qtr,7:15,False,2,6,False,35,36,SAS,PHI,2023,red
323,356,"Oct 22, 2022",2nd Qtr,6:23,False,3,29,False,36,39,SAS,PHI,2023,red
220,186,"Oct 22, 2022",2nd Qtr,5:07,False,2,18,False,38,41,SAS,PHI,2023,red
62,225,"Oct 22, 2022",2nd Qtr,2:41,False,2,2,False,41,49,SAS,PHI,2023,red
53,240,"Oct 22, 2022",2nd Qtr,2:40,False,2,0,False,41,49,SAS,PHI,2023,red
57,228,"Oct 22, 2022",3rd Qtr,6:01,False,2,1,False,65,65,SAS,PHI,2023,red
318,185,"Oct 22, 2022",3rd Qtr,5:11,False,3,27,False,68,68,SAS,PHI,2023,red
123,242,"Oct 22, 2022",3rd Qtr,4:12,True,2,7,False,70,70,SAS,PHI,2023,green
315,197,"Oct 22, 2022",4th Qtr,11:20,True,3,27,False,80,85,SAS,PHI,2023,green
118,307,"Oct 22, 2022",4th Qtr,10:01,False,2,9,False,82,85,SAS,PHI,2023,red
171,247,"Oct 22, 2022",4th Qtr,4:54,False,2,12,False,90,101,SAS,PHI,2023,red
320,260,"Oct 22, 2022",4th Qtr,2:48,False,3,27,False,94,104,SAS,PHI,2023,red
313,206,"Oct 22, 2022",4th Qtr,1:01,False,3,26,False,102,110,SAS,PHI,2023,red
294,332,"Oct 24, 2022",1st Qtr,10:28,False,3,26,True,3,2,IND,PHI,2023,red
58,237,"Oct 24, 2022",1st Qtr,9:34,True,2,1,False,5,6,IND,PHI,2023,green
285,367,"Oct 24, 2022",1st Qtr,7:33,True,3,26,True,13,12,IND,PHI,2023,green
333,259,"Oct 24, 2022",1st Qtr,6:21,False,3,28,True,15,14,IND,PHI,2023,red
174,317,"Oct 24, 2022",1st Qtr,4:53,False,2,14,True,18,17,IND,PHI,2023,red
84,473,"Oct 24, 2022",1st Qtr,4:05,False,3,23,True,22,17,IND,PHI,2023,red
282,363,"Oct 24, 2022",2nd Qtr,7:01,False,3,26,True,43,27,IND,PHI,2023,red
230,317,"Oct 24, 2022",2nd Qtr,5:53,True,2,19,True,48,29,IND,PHI,2023,green
126,251,"Oct 24, 2022",2nd Qtr,4:25,False,2,7,True,48,34,IND,PHI,2023,red
170,351,"Oct 24, 2022",2nd Qtr,3:25,True,2,16,True,53,40,IND,PHI,2023,green
63,240,"Oct 24, 2022",2nd Qtr,0:32,True,2,1,True,62,46,IND,PHI,2023,green
180,328,"Oct 24, 2022",3rd Qtr,7:36,False,2,16,True,73,59,IND,PHI,2023,red
295,352,"Oct 24, 2022",3rd Qtr,4:48,True,3,27,True,79,66,IND,PHI,2023,green
300,117,"Oct 24, 2022",4th Qtr,9:46,True,3,28,True,98,85,IND,PHI,2023,green
318,159,"Oct 24, 2022",4th Qtr,8:38,False,3,28,True,99,87,IND,PHI,2023,red
235,298,"Oct 24, 2022",4th Qtr,6:38,True,2,19,True,103,93,IND,PHI,2023,green
256,422,"Oct 24, 2022",4th Qtr,5:56,True,3,27,True,106,95,IND,PHI,2023,green
325,179,"Oct 24, 2022",4th Qtr,5:21,True,3,28,True,109,95,IND,PHI,2023,green
83,265,"Oct 26, 2022",1st Qtr,11:32,False,2,4,False,0,0,TOR,PHI,2023,red
149,277,"Oct 26, 2022",1st Qtr,3:42,True,2,10,False,17,19,TOR,PHI,2023,green
282,388,"Oct 26, 2022",1st Qtr,2:33,True,3,27,False,20,24,TOR,PHI,2023,green
218,241,"Oct 26, 2022",1st Qtr,1:53,False,2,17,False,21,27,TOR,PHI,2023,red
311,283,"Oct 26, 2022",2nd Qtr,5:43,False,3,26,False,40,51,TOR,PHI,2023,red
187,226,"Oct 26, 2022",2nd Qtr,5:25,False,2,13,False,40,53,TOR,PHI,2023,red
311,192,"Oct 26, 2022",2nd Qtr,2:43,True,3,26,False,47,59,TOR,PHI,2023,green
233,32,"Oct 26, 2022",4th Qtr,5:30,False,3,28,False,93,103,TOR,PHI,2023,red
80,197,"Oct 26, 2022",4th Qtr,5:08,True,2,5,False,95,106,TOR,PHI,2023,green
192,119,"Oct 26, 2022",4th Qtr,3:12,False,2,18,False,101,112,TOR,PHI,2023,red
325,117,"Oct 26, 2022",4th Qtr,0:56,True,3,30,False,109,116,TOR,PHI,2023,green
343,276,"Oct 26, 2022",4th Qtr,0:27,False,3,29,False,109,116,TOR,PHI,2023,red
95,226,"Oct 28, 2022",1st Qtr,5:55,False,2,4,True,20,12,TOR,PHI,2023,red
309,308,"Oct 28, 2022",1st Qtr,5:19,False,3,27,True,20,12,TOR,PHI,2023,red
97,259,"Oct 28, 2022",2nd Qtr,5:52,True,2,5,True,47,36,TOR,PHI,2023,green
313,205,"Oct 28, 2022",2nd Qtr,5:18,False,3,26,True,48,38,TOR,PHI,2023,red
68,220,"Oct 28, 2022",2nd Qtr,3:40,True,2,3,True,55,38,TOR,PHI,2023,green
130,244,"Oct 28, 2022",2nd Qtr,2:07,True,2,8,True,62,44,TOR,PHI,2023,green
106,230,"Oct 28, 2022",2nd Qtr,1:38,False,2,5,True,63,44,TOR,PHI,2023,red
167,216,"Oct 28, 2022",3rd Qtr,7:22,True,2,12,True,67,54,TOR,PHI,2023,green
315,286,"Oct 28, 2022",3rd Qtr,6:35,False,3,27,True,68,56,TOR,PHI,2023,red
198,195,"Oct 29, 2022",1st Qtr,9:00,True,2,15,True,9,5,CHI,PHI,2023,green
294,289,"Oct 29, 2022",1st Qtr,7:17,False,3,25,True,13,7,CHI,PHI,2023,red
174,275,"Oct 29, 2022",1st Qtr,4:35,False,2,13,True,22,9,CHI,PHI,2023,red
74,102,"Oct 29, 2022",1st Qtr,3:34,False,2,14,True,24,13,CHI,PHI,2023,red
318,226,"Oct 29, 2022",2nd Qtr,6:39,False,3,27,True,51,33,CHI,PHI,2023,red
90,278,"Oct 29, 2022",2nd Qtr,3:44,False,2,5,True,54,44,CHI,PHI,2023,red
292,96,"Oct 29, 2022",2nd Qtr,1:50,False,3,28,True,56,50,CHI,PHI,2023,red
103,240,"Oct 29, 2022",3rd Qtr,9:10,False,2,5,True,72,64,CHI,PHI,2023,red
302,220,"Oct 29, 2022",4th Qtr,11:22,False,3,25,True,92,90,CHI,PHI,2023,red
131,225,"Oct 29, 2022",4th Qtr,8:38,False,2,8,True,99,95,CHI,PHI,2023,red
106,241,"Oct 29, 2022",4th Qtr,5:03,False,2,5,False,103,103,CHI,PHI,2023,red
49,123,"Oct 29, 2022",4th Qtr,4:30,True,2,12,False,105,105,CHI,PHI,2023,green
223,418,"Oct 29, 2022",4th Qtr,1:56,False,3,25,True,109,107,CHI,PHI,2023,red
113,160,"Oct 31, 2022",1st Qtr,11:38,True,2,10,True,2,0,WAS,PHI,2023,green
78,223,"Oct 31, 2022",1st Qtr,6:50,True,2,3,False,16,16,WAS,PHI,2023,green
309,184,"Oct 31, 2022",1st Qtr,6:27,True,3,26,True,20,16,WAS,PHI,2023,green
175,165,"Oct 31, 2022",1st Qtr,4:08,False,2,14,True,24,22,WAS,PHI,2023,red
316,303,"Oct 31, 2022",1st Qtr,3:19,True,3,27,False,27,27,WAS,PHI,2023,green
331,221,"Oct 31, 2022",1st Qtr,2:50,False,3,28,False,27,28,WAS,PHI,2023,red
328,205,"Oct 31, 2022",1st Qtr,2:05,False,3,28,False,28,28,WAS,PHI,2023,red
213,182,"Oct 31, 2022",1st Qtr,1:32,True,2,17,True,30,28,WAS,PHI,2023,green
115,298,"Oct 31, 2022",2nd Qtr,2:23,False,2,8,False,47,47,WAS,PHI,2023,red
177,251,"Oct 31, 2022",2nd Qtr,2:01,False,2,12,False,47,50,WAS,PHI,2023,red
66,212,"Oct 31, 2022",2nd Qtr,1:15,False,2,3,False,50,52,WAS,PHI,2023,red
148,292,"Oct 31, 2022",3rd Qtr,9:18,True,2,11,True,61,54,WAS,PHI,2023,green
193,444,"Oct 31, 2022",3rd Qtr,5:24,False,3,25,False,68,69,WAS,PHI,2023,red
61,197,"Oct 31, 2022",3rd Qtr,4:42,True,2,4,False,70,71,WAS,PHI,2023,green
320,265,"Oct 31, 2022",3rd Qtr,3:05,False,3,27,True,73,71,WAS,PHI,2023,red
75,197,"Oct 31, 2022",3rd Qtr,0:01,True,2,5,True,86,73,WAS,PHI,2023,green
172,377,"Oct 31, 2022",4th Qtr,2:58,False,2,18,True,109,100,WAS,PHI,2023,red
157,325,"Nov 2, 2022",1st Qtr,9:26,True,2,13,True,9,8,WAS,PHI,2023,green
149,469,"Nov 2, 2022",1st Qtr,7:54,False,3,25,False,12,12,WAS,PHI,2023,red
52,217,"Nov 2, 2022",1st Qtr,6:27,False,2,2,True,13,12,WAS,PHI,2023,red
62,261,"Nov 2, 2022",1st Qtr,5:37,True,2,2,True,15,14,WAS,PHI,2023,green
156,176,"Nov 2, 2022",1st Qtr,2:15,False,2,12,False,18,22,WAS,PHI,2023,red
77,247,"Nov 2, 2022",2nd Qtr,6:16,True,2,3,False,37,47,WAS,PHI,2023,green
142,173,"Nov 2, 2022",2nd Qtr,5:39,True,2,11,False,39,47,WAS,PHI,2023,green
208,247,"Nov 2, 2022",2nd Qtr,5:07,False,2,16,False,39,47,WAS,PHI,2023,red
288,351,"Nov 2, 2022",2nd Qtr,5:04,True,3,26,False,42,47,WAS,PHI,2023,green
302,311,"Nov 2, 2022",2nd Qtr,2:08,False,3,26,False,47,52,WAS,PHI,2023,red
318,273,"Nov 2, 2022",3rd Qtr,8:26,False,3,27,False,63,65,WAS,PHI,2023,red
336,291,"Nov 2, 2022",3rd Qtr,3:45,False,3,29,False,80,83,WAS,PHI,2023,red
66,222,"Nov 2, 2022",3rd Qtr,3:24,True,2,2,False,82,84,WAS,PHI,2023,green
85,208,"Nov 2, 2022",3rd Qtr,2:50,False,2,5,False,83,84,WAS,PHI,2023,red
282,386,"Nov 2, 2022",4th Qtr,6:28,True,3,27,False,101,106,WAS,PHI,2023,green
111,476,"Nov 2, 2022",4th Qtr,3:32,True,3,24,False,109,112,WAS,PHI,2023,green
194,232,"Nov 2, 2022",4th Qtr,2:15,False,2,14,False,111,115,WAS,PHI,2023,red
269,391,"Nov 2, 2022",4th Qtr,0:47,False,3,26,False,111,121,WAS,PHI,2023,red
306,331,"Dec 5, 2022",1st Qtr,1:56,True,3,27,True,26,20,HOU,PHI,2023,green
253,398,"Dec 5, 2022",1st Qtr,1:15,False,3,26,True,26,22,HOU,PHI,2023,red
237,77,"Dec 5, 2022",2nd Qtr,8:51,False,3,25,True,37,35,HOU,PHI,2023,red
125,305,"Dec 5, 2022",2nd Qtr,1:12,False,2,10,True,55,54,HOU,PHI,2023,red
63,218,"Dec 5, 2022",2nd Qtr,0:36,False,2,2,True,55,54,HOU,PHI,2023,red
239,46,"Dec 5, 2022",2nd Qtr,0:04,False,3,27,False,55,56,HOU,PHI,2023,red
229,48,"Dec 5, 2022",4th Qtr,10:22,False,3,26,False,86,95,HOU,PHI,2023,red
65,217,"Dec 5, 2022",4th Qtr,9:04,False,2,3,False,88,95,HOU,PHI,2023,red
53,240,"Dec 5, 2022",4th Qtr,9:03,False,2,0,False,88,95,HOU,PHI,2023,red
322,217,"Dec 5, 2022",4th Qtr,8:49,True,3,27,False,91,95,HOU,PHI,2023,green
227,433,"Dec 5, 2022",4th Qtr,5:35,False,3,26,False,97,101,HOU,PHI,2023,red
63,235,"Dec 5, 2022",4th Qtr,3:58,False,2,1,False,102,104,HOU,PHI,2023,red
218,437,"Dec 5, 2022",4th Qtr,1:27,True,3,26,False,108,108,HOU,PHI,2023,green
174,183,"Dec 5, 2022",4th Qtr,0:40,False,2,13,False,108,108,HOU,PHI,2023,red
318,296,"Dec 5, 2022",4th Qtr,0:05,False,3,27,False,108,108,HOU,PHI,2023,red
74,202,"Dec 5, 2022",1st OT,3:01,False,2,4,False,110,111,HOU,PHI,2023,red
318,238,"Dec 5, 2022",1st OT,0:00,False,3,27,False,117,117,HOU,PHI,2023,red
173,227,"Dec 5, 2022",2nd OT,2:18,False,2,12,False,119,125,HOU,PHI,2023,red
306,303,"Dec 5, 2022",2nd OT,1:32,True,3,26,False,122,125,HOU,PHI,2023,green
124,258,"Dec 9, 2022",1st Qtr,9:41,False,2,7,False,4,4,LAL,PHI,2023,red
142,243,"Dec 9, 2022",1st Qtr,9:37,False,2,9,False,4,4,LAL,PHI,2023,red
55,251,"Dec 9, 2022",1st Qtr,8:08,True,2,1,True,8,6,LAL,PHI,2023,green
78,263,"Dec 9, 2022",1st Qtr,3:44,False,2,3,True,15,12,LAL,PHI,2023,red
158,22,"Dec 9, 2022",2nd Qtr,6:11,False,3,24,False,38,40,LAL,PHI,2023,red
275,63,"Dec 9, 2022",2nd Qtr,4:44,True,3,28,False,43,46,LAL,PHI,2023,green
254,68,"Dec 9, 2022",2nd Qtr,0:55,True,3,26,True,59,58,LAL,PHI,2023,green
333,207,"Dec 9, 2022",2nd Qtr,0:00,False,3,28,True,61,59,LAL,PHI,2023,red
128,238,"Dec 9, 2022",3rd Qtr,10:42,True,2,8,True,63,61,LAL,PHI,2023,green
299,167,"Dec 9, 2022",3rd Qtr,6:48,False,3,26,True,79,70,LAL,PHI,2023,red
196,325,"Dec 9, 2022",4th Qtr,11:10,True,2,17,True,97,84,LAL,PHI,2023,green
302,328,"Dec 9, 2022",4th Qtr,10:09,True,3,26,True,102,84,LAL,PHI,2023,green
138,219,"Dec 9, 2022",4th Qtr,9:45,False,2,9,True,102,86,LAL,PHI,2023,red
284,117,"Dec 9, 2022",4th Qtr,7:29,False,3,26,True,104,91,LAL,PHI,2023,red
306,331,"Dec 9, 2022",4th Qtr,6:14,False,3,27,True,106,95,LAL,PHI,2023,red
205,185,"Dec 9, 2022",4th Qtr,4:05,True,2,16,True,113,97,LAL,PHI,2023,green
68,245,"Dec 9, 2022",4th Qtr,3:36,False,2,2,True,113,99,LAL,PHI,2023,red
72,236,"Dec 9, 2022",1st OT,3:30,True,2,2,True,124,120,LAL,PHI,2023,green
199,141,"Dec 9, 2022",1st OT,1:32,True,2,18,True,129,120,LAL,PHI,2023,green
64,214,"Dec 11, 2022",1st Qtr,10:53,False,2,3,False,0,0,CHO,PHI,2023,red
297,316,"Dec 11, 2022",1st Qtr,9:02,True,3,26,True,5,2,CHO,PHI,2023,green
299,369,"Dec 11, 2022",1st Qtr,7:53,False,3,28,False,5,7,CHO,PHI,2023,red
247,64,"Dec 11, 2022",2nd Qtr,9:01,False,3,26,False,27,31,CHO,PHI,2023,red
52,238,"Dec 11, 2022",2nd Qtr,7:22,True,2,0,True,35,33,CHO,PHI,2023,green
80,237,"Dec 11, 2022",2nd Qtr,4:37,True,2,3,True,44,35,CHO,PHI,2023,green
251,74,"Dec 11, 2022",2nd Qtr,0:01,False,3,26,True,61,54,CHO,PHI,2023,red
303,345,"Dec 11, 2022",3rd Qtr,11:24,True,3,27,True,64,54,CHO,PHI,2023,green
302,333,"Dec 11, 2022",3rd Qtr,9:24,False,3,27,True,70,62,CHO,PHI,2023,red
88,248,"Dec 11, 2022",4th Qtr,11:28,True,2,4,True,98,87,CHO,PHI,2023,green
284,112,"Dec 11, 2022",4th Qtr,9:04,False,3,26,True,103,94,CHO,PHI,2023,red
248,406,"Dec 11, 2022",4th Qtr,1:00,True,3,26,True,131,111,CHO,PHI,2023,green
218,233,"Dec 13, 2022",2nd Qtr,9:23,True,2,17,True,47,35,SAC,PHI,2023,green
312,248,"Dec 13, 2022",2nd Qtr,8:48,True,3,26,True,50,35,SAC,PHI,2023,green
317,236,"Dec 13, 2022",2nd Qtr,8:23,True,3,26,True,53,35,SAC,PHI,2023,green
266,130,"Dec 13, 2022",2nd Qtr,7:59,False,3,24,True,53,35,SAC,PHI,2023,red
174,236,"Dec 13, 2022",2nd Qtr,7:32,False,2,12,True,53,37,SAC,PHI,2023,red
291,344,"Dec 13, 2022",2nd Qtr,0:41,True,3,26,True,74,50,SAC,PHI,2023,green
259,393,"Dec 13, 2022",2nd Qtr,0:00,True,3,26,True,80,55,SAC,PHI,2023,green
327,152,"Dec 13, 2022",3rd Qtr,9:01,False,3,29,True,85,57,SAC,PHI,2023,red
88,205,"Dec 13, 2022",3rd Qtr,3:02,False,2,5,True,95,73,SAC,PHI,2023,red
227,447,"Dec 13, 2022",3rd Qtr,2:32,False,3,27,True,95,76,SAC,PHI,2023,red
143,280,"Dec 13, 2022",4th Qtr,9:28,True,2,10,True,105,88,SAC,PHI,2023,green
172,291,"Dec 13, 2022",4th Qtr,7:27,True,2,13,True,112,89,SAC,PHI,2023,green
68,152,"Dec 13, 2022",4th Qtr,5:42,False,2,9,True,117,91,SAC,PHI,2023,red
88,240,"Dec 16, 2022",1st Qtr,11:45,False,2,4,False,0,0,GSW,PHI,2023,red
53,251,"Dec 16, 2022",1st Qtr,8:24,True,2,1,False,7,13,GSW,PHI,2023,green
70,237,"Dec 16, 2022",1st Qtr,7:27,False,2,2,False,9,18,GSW,PHI,2023,red
103,478,"Dec 16, 2022",1st Qtr,4:06,True,3,24,False,20,26,GSW,PHI,2023,green
39,215,"Dec 16, 2022",1st Qtr,3:33,True,2,3,False,22,26,GSW,PHI,2023,green
309,283,"Dec 16, 2022",1st Qtr,3:03,True,3,26,False,25,29,GSW,PHI,2023,green
233,74,"Dec 16, 2022",1st Qtr,2:02,False,3,24,False,27,33,GSW,PHI,2023,red
298,348,"Dec 16, 2022",1st Qtr,0:26,True,3,27,False,33,38,GSW,PHI,2023,green
288,373,"Dec 16, 2022",2nd Qtr,6:10,False,3,27,False,41,45,GSW,PHI,2023,red
67,233,"Dec 16, 2022",2nd Qtr,4:46,True,2,2,False,45,47,GSW,PHI,2023,green
328,243,"Dec 16, 2022",3rd Qtr,8:16,True,3,28,False,65,68,GSW,PHI,2023,green
248,210,"Dec 16, 2022",3rd Qtr,6:06,True,2,20,True,73,72,GSW,PHI,2023,green
304,268,"Dec 16, 2022",4th Qtr,6:57,False,3,25,True,101,90,GSW,PHI,2023,red
71,248,"Dec 16, 2022",4th Qtr,4:43,False,2,2,True,104,95,GSW,PHI,2023,red
83,-3,"Dec 16, 2022",4th Qtr,3:40,False,3,24,True,107,97,GSW,PHI,2023,red
256,397,"Dec 19, 2022",1st Qtr,11:15,False,3,26,False,0,0,TOR,PHI,2023,red
43,232,"Dec 19, 2022",1st Qtr,6:30,True,2,1,True,12,8,TOR,PHI,2023,green
48,223,"Dec 19, 2022",1st Qtr,5:24,False,2,2,True,15,8,TOR,PHI,2023,red
311,288,"Dec 19, 2022",2nd Qtr,5:46,False,3,26,True,46,34,TOR,PHI,2023,red
278,365,"Dec 19, 2022",2nd Qtr,1:40,False,3,26,True,52,43,TOR,PHI,2023,red
310,270,"Dec 19, 2022",2nd Qtr,0:51,True,3,26,True,55,46,TOR,PHI,2023,green
57,226,"Dec 19, 2022",2nd Qtr,0:20,True,2,1,True,57,46,TOR,PHI,2023,green
295,341,"Dec 19, 2022",3rd Qtr,11:01,False,3,26,True,60,46,TOR,PHI,2023,red
63,234,"Dec 19, 2022",3rd Qtr,8:18,True,2,1,True,64,56,TOR,PHI,2023,green
104,221,"Dec 19, 2022",3rd Qtr,4:26,False,2,6,True,72,65,TOR,PHI,2023,red
52,224,"Dec 19, 2022",4th Qtr,1:32,True,2,2,True,99,96,TOR,PHI,2023,green
218,141,"Dec 19, 2022",4th Qtr,0:16,False,2,19,True,99,97,TOR,PHI,2023,red
264,422,"Dec 19, 2022",1st OT,3:06,False,3,28,False,101,101,TOR,PHI,2023,red
266,222,"Dec 19, 2022",1st OT,1:33,False,2,21,True,104,101,TOR,PHI,2023,red
230,453,"Dec 21, 2022",1st Qtr,11:41,False,3,28,False,0,0,DET,PHI,2023,red
73,234,"Dec 21, 2022",1st Qtr,7:41,True,2,2,True,14,12,DET,PHI,2023,green
303,179,"Dec 21, 2022",1st Qtr,7:15,False,3,26,False,14,14,DET,PHI,2023,red
301,363,"Dec 21, 2022",1st Qtr,6:36,True,3,28,True,17,14,DET,PHI,2023,green
43,227,"Dec 21, 2022",1st Qtr,3:17,True,2,2,True,24,21,DET,PHI,2023,green
71,224,"Dec 21, 2022",1st Qtr,2:22,False,2,2,True,26,25,DET,PHI,2023,red
53,226,"Dec 21, 2022",1st Qtr,1:41,True,2,1,True,30,25,DET,PHI,2023,green
278,369,"Dec 21, 2022",1st Qtr,0:32,True,3,26,True,35,29,DET,PHI,2023,green
296,312,"Dec 21, 2022",2nd Qtr,2:46,False,3,25,True,61,47,DET,PHI,2023,red
42,219,"Dec 21, 2022",2nd Qtr,2:32,False,2,2,True,61,47,DET,PHI,2023,red
169,236,"Dec 21, 2022",2nd Qtr,0:57,False,2,12,True,61,49,DET,PHI,2023,red
63,227,"Dec 21, 2022",3rd Qtr,7:58,True,2,2,True,75,57,DET,PHI,2023,green
316,322,"Dec 21, 2022",3rd Qtr,4:10,False,3,28,True,81,70,DET,PHI,2023,red
308,328,"Dec 21, 2022",4th Qtr,6:57,False,3,27,True,101,83,DET,PHI,2023,red
190,165,"Dec 23, 2022",1st Qtr,10:31,True,2,16,False,4,5,LAC,PHI,2023,green
283,384,"Dec 23, 2022",1st Qtr,6:45,False,3,27,False,11,15,LAC,PHI,2023,red
58,278,"Dec 23, 2022",1st Qtr,5:26,False,2,4,False,15,19,LAC,PHI,2023,red
282,103,"Dec 23, 2022",1st Qtr,4:21,False,3,27,False,17,19,LAC,PHI,2023,red
103,251,"Dec 23, 2022",2nd Qtr,11:39,False,2,5,False,24,33,LAC,PHI,2023,red
311,226,"Dec 23, 2022",2nd Qtr,9:57,True,3,26,False,29,37,LAC,PHI,2023,green
150,298,"Dec 23, 2022",2nd Qtr,9:35,False,2,11,False,29,41,LAC,PHI,2023,red
100,207,"Dec 23, 2022",2nd Qtr,8:01,True,2,6,False,33,43,LAC,PHI,2023,green
75,248,"Dec 23, 2022",2nd Qtr,6:07,False,2,2,False,36,49,LAC,PHI,2023,red
282,371,"Dec 23, 2022",2nd Qtr,4:25,False,3,26,False,36,55,LAC,PHI,2023,red
55,236,"Dec 23, 2022",2nd Qtr,3:01,True,2,0,False,42,58,LAC,PHI,2023,green
63,235,"Dec 23, 2022",2nd Qtr,2:36,False,2,1,False,42,58,LAC,PHI,2023,red
217,455,"Dec 23, 2022",2nd Qtr,1:28,True,3,27,False,47,58,LAC,PHI,2023,green
109,214,"Dec 23, 2022",2nd Qtr,0:28,False,2,6,False,47,63,LAC,PHI,2023,red
314,227,"Dec 23, 2022",3rd Qtr,5:11,True,3,26,False,69,74,LAC,PHI,2023,green
158,227,"Dec 23, 2022",4th Qtr,7:07,False,2,11,True,99,94,LAC,PHI,2023,red
113,287,"Dec 23, 2022",4th Qtr,0:32,False,2,8,True,117,113,LAC,PHI,2023,red
72,265,"Dec 25, 2022",1st Qtr,11:21,True,2,3,False,2,2,NYK,PHI,2023,green
346,256,"Dec 25, 2022",2nd Qtr,10:29,True,3,29,False,30,40,NYK,PHI,2023,green
290,171,"Dec 25, 2022",2nd Qtr,10:04,False,3,25,False,30,40,NYK,PHI,2023,red
110,337,"Dec 25, 2022",2nd Qtr,9:20,False,2,11,False,30,40,NYK,PHI,2023,red
101,123,"Dec 25, 2022",2nd Qtr,8:37,False,2,13,False,30,40,NYK,PHI,2023,red
194,471,"Dec 25, 2022",3rd Qtr,6:06,True,3,27,False,78,80,NYK,PHI,2023,green
304,159,"Dec 25, 2022",3rd Qtr,4:52,False,3,26,False,78,85,NYK,PHI,2023,red
108,200,"Dec 25, 2022",3rd Qtr,2:30,False,2,7,False,85,89,NYK,PHI,2023,red
173,460,"Dec 25, 2022",3rd Qtr,2:02,False,3,25,False,86,91,NYK,PHI,2023,red
192,440,"Dec 25, 2022",3rd Qtr,0:33,True,3,24,False,91,93,NYK,PHI,2023,green
314,232,"Dec 25, 2022",3rd Qtr,0:05,True,3,26,False,95,96,NYK,PHI,2023,green
361,257,"Dec 25, 2022",4th Qtr,11:11,True,3,31,False,98,98,NYK,PHI,2023,green
318,237,"Dec 25, 2022",4th Qtr,8:42,False,3,27,True,102,98,NYK,PHI,2023,red
54,231,"Dec 25, 2022",4th Qtr,6:10,True,2,1,True,110,102,NYK,PHI,2023,green
233,65,"Dec 25, 2022",4th Qtr,4:16,False,3,25,True,116,102,NYK,PHI,2023,red
279,96,"Dec 25, 2022",4th Qtr,1:14,False,3,27,True,119,108,NYK,PHI,2023,red
249,402,"Dec 27, 2022",1st Qtr,6:27,False,3,25,True,12,8,WAS,PHI,2023,red
41,469,"Dec 27, 2022",1st Qtr,5:43,True,3,23,True,15,11,WAS,PHI,2023,green
344,236,"Dec 27, 2022",2nd Qtr,9:39,False,3,29,False,32,40,WAS,PHI,2023,red
295,407,"Dec 27, 2022",2nd Qtr,3:24,False,3,29,False,46,60,WAS,PHI,2023,red
164,459,"Dec 27, 2022",2nd Qtr,2:53,True,3,25,False,49,60,WAS,PHI,2023,green
157,152,"Dec 27, 2022",2nd Qtr,0:00,False,2,14,False,56,67,WAS,PHI,2023,red
283,83,"Dec 27, 2022",3rd Qtr,6:18,False,3,28,False,68,82,WAS,PHI,2023,red
90,195,"Dec 27, 2022",3rd Qtr,5:50,True,2,6,False,70,83,WAS,PHI,2023,green
64,197,"Dec 27, 2022",3rd Qtr,3:57,True,2,4,False,76,83,WAS,PHI,2023,green
77,218,"Dec 27, 2022",4th Qtr,10:28,True,2,3,False,92,96,WAS,PHI,2023,green
61,283,"Dec 27, 2022",4th Qtr,8:36,True,2,4,False,97,101,WAS,PHI,2023,green
73,197,"Dec 27, 2022",4th Qtr,8:13,True,2,5,False,99,101,WAS,PHI,2023,green
231,461,"Dec 27, 2022",4th Qtr,6:22,False,3,28,False,99,103,WAS,PHI,2023,red
263,400,"Dec 27, 2022",4th Qtr,2:05,False,3,26,False,107,111,WAS,PHI,2023,red
266,94,"Dec 30, 2022",1st Qtr,9:14,False,3,26,True,10,2,NOP,PHI,2023,red
215,50,"Dec 30, 2022",1st Qtr,7:16,False,3,25,True,12,6,NOP,PHI,2023,red
298,147,"Dec 30, 2022",2nd Qtr,8:54,True,3,26,False,34,39,NOP,PHI,2023,green
208,40,"Dec 30, 2022",2nd Qtr,5:17,True,3,25,False,43,56,NOP,PHI,2023,green
282,128,"Dec 30, 2022",2nd Qtr,2:00,True,3,25,False,49,63,NOP,PHI,2023,green
70,235,"Dec 30, 2022",2nd Qtr,0:47,True,2,2,False,56,63,NOP,PHI,2023,green
368,233,"Dec 30, 2022",3rd Qtr,0:03,True,3,32,False,91,99,NOP,PHI,2023,green
294,359,"Dec 30, 2022",4th Qtr,10:15,False,3,27,False,94,101,NOP,PHI,2023,red
80,220,"Jan 2, 2023",1st Qtr,8:03,False,2,3,True,12,9,NOP,PHI,2023,red
70,293,"Jan 2, 2023",1st Qtr,6:00,False,2,6,True,16,15,NOP,PHI,2023,red
74,242,"Jan 2, 2023",1st Qtr,4:45,True,2,2,True,20,18,NOP,PHI,2023,green
59,308,"Jan 2, 2023",1st Qtr,3:29,True,2,7,True,22,21,NOP,PHI,2023,green
301,165,"Jan 2, 2023",2nd Qtr,10:49,False,3,26,True,33,28,NOP,PHI,2023,red
64,282,"Jan 2, 2023",2nd Qtr,9:14,False,2,4,True,36,31,NOP,PHI,2023,red
283,379,"Jan 2, 2023",2nd Qtr,8:42,True,3,27,True,39,33,NOP,PHI,2023,green
282,388,"Jan 2, 2023",2nd Qtr,8:24,False,3,27,True,40,33,NOP,PHI,2023,red
70,214,"Jan 2, 2023",2nd Qtr,6:25,True,2,3,True,45,35,NOP,PHI,2023,green
78,301,"Jan 2, 2023",2nd Qtr,5:48,False,2,7,True,46,35,NOP,PHI,2023,red
58,222,"Jan 2, 2023",2nd Qtr,3:54,True,2,2,True,51,37,NOP,PHI,2023,green
245,423,"Jan 2, 2023",3rd Qtr,7:28,False,3,27,True,68,60,NOP,PHI,2023,red
301,302,"Jan 2, 2023",3rd Qtr,3:57,False,3,26,True,70,68,NOP,PHI,2023,red
284,341,"Jan 2, 2023",4th Qtr,11:25,True,3,25,True,87,83,NOP,PHI,2023,green
309,187,"Jan 2, 2023",4th Qtr,10:56,False,3,26,True,87,83,NOP,PHI,2023,red
87,240,"Jan 2, 2023",4th Qtr,10:38,True,2,3,True,89,83,NOP,PHI,2023,green
87,227,"Jan 2, 2023",4th Qtr,5:52,False,2,4,True,101,94,NOP,PHI,2023,red
306,281,"Jan 2, 2023",4th Qtr,2:16,False,3,26,True,110,104,NOP,PHI,2023,red
255,408,"Jan 2, 2023",4th Qtr,1:05,True,3,26,True,116,109,NOP,PHI,2023,green
105,228,"Jan 4, 2023",1st Qtr,10:54,False,2,5,True,3,0,IND,PHI,2023,red
58,200,"Jan 4, 2023",1st Qtr,7:33,True,2,4,False,9,10,IND,PHI,2023,green
93,252,"Jan 4, 2023",1st Qtr,6:48,True,2,4,False,11,12,IND,PHI,2023,green
178,454,"Jan 4, 2023",1st Qtr,4:16,False,3,25,False,13,19,IND,PHI,2023,red
53,237,"Jan 4, 2023",2nd Qtr,8:48,True,2,0,True,38,33,IND,PHI,2023,green
59,223,"Jan 4, 2023",2nd Qtr,5:15,False,2,2,True,50,46,IND,PHI,2023,red
290,397,"Jan 4, 2023",2nd Qtr,4:43,False,3,28,True,50,46,IND,PHI,2023,red
316,355,"Jan 4, 2023",2nd Qtr,3:41,False,3,29,True,54,49,IND,PHI,2023,red
103,332,"Jan 4, 2023",2nd Qtr,2:33,False,2,10,True,56,51,IND,PHI,2023,red
147,202,"Jan 4, 2023",2nd Qtr,1:52,True,2,10,True,58,56,IND,PHI,2023,green
285,365,"Jan 4, 2023",3rd Qtr,8:44,True,3,26,True,76,66,IND,PHI,2023,green
302,341,"Jan 4, 2023",3rd Qtr,7:57,False,3,27,True,76,68,IND,PHI,2023,red
92,208,"Jan 4, 2023",3rd Qtr,5:19,False,2,5,True,81,75,IND,PHI,2023,red
295,109,"Jan 4, 2023",3rd Qtr,4:52,True,3,28,True,84,75,IND,PHI,2023,green
173,231,"Jan 4, 2023",3rd Qtr,4:15,True,2,12,True,86,75,IND,PHI,2023,green
314,352,"Jan 4, 2023",4th Qtr,6:24,False,3,28,True,110,101,IND,PHI,2023,red
73,90,"Jan 4, 2023",4th Qtr,5:21,True,2,15,True,112,103,IND,PHI,2023,green
107,237,"Jan 4, 2023",1st OT,4:08,False,2,5,False,120,120,IND,PHI,2023,red
323,240,"Jan 4, 2023",1st OT,3:08,False,3,27,False,122,124,IND,PHI,2023,red
85,238,"Jan 4, 2023",1st OT,2:21,False,2,3,False,122,124,IND,PHI,2023,red
75,272,"Jan 6, 2023",1st Qtr,11:21,False,2,4,False,0,0,CHI,PHI,2023,red
53,240,"Jan 6, 2023",1st Qtr,11:17,False,2,0,False,0,0,CHI,PHI,2023,red
112,233,"Jan 6, 2023",1st Qtr,11:14,False,2,6,False,0,0,CHI,PHI,2023,red
318,303,"Jan 6, 2023",1st Qtr,7:39,False,3,27,True,10,6,CHI,PHI,2023,red
76,270,"Jan 6, 2023",1st Qtr,6:41,False,2,4,True,10,9,CHI,PHI,2023,red
313,265,"Jan 6, 2023",1st Qtr,1:47,False,3,26,True,25,19,CHI,PHI,2023,red
134,303,"Jan 6, 2023",1st Qtr,1:04,False,2,10,True,27,21,CHI,PHI,2023,red
168,471,"Jan 6, 2023",2nd Qtr,3:02,False,3,26,True,50,47,CHI,PHI,2023,red
117,233,"Jan 6, 2023",2nd Qtr,1:38,False,2,6,False,50,52,CHI,PHI,2023,red
55,236,"Jan 6, 2023",2nd Qtr,0:50,True,2,0,True,55,54,CHI,PHI,2023,green
63,247,"Jan 6, 2023",3rd Qtr,9:39,False,2,1,False,63,66,CHI,PHI,2023,red
308,293,"Jan 6, 2023",3rd Qtr,6:41,False,3,26,False,69,75,CHI,PHI,2023,red
314,307,"Jan 6, 2023",3rd Qtr,5:25,False,3,27,False,71,77,CHI,PHI,2023,red
284,320,"Jan 6, 2023",3rd Qtr,5:16,True,3,25,False,74,77,CHI,PHI,2023,green
205,458,"Jan 6, 2023",4th Qtr,3:42,True,3,27,False,105,115,CHI,PHI,2023,green
288,375,"Jan 6, 2023",4th Qtr,2:56,True,3,27,False,108,115,CHI,PHI,2023,green
294,172,"Jan 6, 2023",4th Qtr,2:13,False,3,25,False,108,118,CHI,PHI,2023,red
72,277,"Jan 8, 2023",1st Qtr,11:40,True,2,4,True,2,0,DET,PHI,2023,green
305,298,"Jan 8, 2023",1st Qtr,7:06,True,3,26,True,18,11,DET,PHI,2023,green
66,246,"Jan 8, 2023",1st Qtr,6:20,True,2,1,True,20,13,DET,PHI,2023,green
67,291,"Jan 8, 2023",1st Qtr,5:24,False,2,5,True,20,15,DET,PHI,2023,red
68,198,"Jan 8, 2023",1st Qtr,4:51,False,2,4,True,22,15,DET,PHI,2023,red
85,248,"Jan 8, 2023",1st Qtr,3:24,False,2,3,True,24,17,DET,PHI,2023,red
108,332,"Jan 8, 2023",2nd Qtr,6:16,False,2,11,True,50,41,DET,PHI,2023,red
80,207,"Jan 8, 2023",2nd Qtr,3:41,True,2,4,True,57,51,DET,PHI,2023,green
310,230,"Jan 8, 2023",2nd Qtr,2:38,True,3,26,True,63,51,DET,PHI,2023,green
297,363,"Jan 8, 2023",2nd Qtr,1:38,False,3,27,True,65,51,DET,PHI,2023,red
135,203,"Jan 8, 2023",3rd Qtr,10:07,False,2,9,True,75,59,DET,PHI,2023,red
66,238,"Jan 8, 2023",3rd Qtr,6:28,True,2,1,True,81,68,DET,PHI,2023,green
246,414,"Jan 8, 2023",3rd Qtr,3:38,True,3,26,True,90,73,DET,PHI,2023,green
338,223,"Jan 8, 2023",3rd Qtr,2:03,False,3,29,True,90,77,DET,PHI,2023,red
74,243,"Jan 10, 2023",1st Qtr,8:55,True,2,2,True,11,5,DET,PHI,2023,green
242,411,"Jan 10, 2023",1st Qtr,8:43,True,3,25,True,14,5,DET,PHI,2023,green
59,235,"Jan 10, 2023",1st Qtr,3:56,True,2,1,True,23,15,DET,PHI,2023,green
249,56,"Jan 10, 2023",2nd Qtr,2:32,True,3,27,True,56,36,DET,PHI,2023,green
55,218,"Jan 10, 2023",3rd Qtr,9:19,True,2,2,True,73,48,DET,PHI,2023,green
277,385,"Jan 10, 2023",3rd Qtr,8:13,False,3,27,True,74,53,DET,PHI,2023,red
194,286,"Jan 10, 2023",3rd Qtr,4:48,True,2,15,True,95,56,DET,PHI,2023,green
306,173,"Jan 12, 2023",1st Qtr,11:32,True,3,26,True,3,0,OKC,PHI,2023,green
95,262,"Jan 12, 2023",1st Qtr,9:02,False,2,5,False,7,11,OKC,PHI,2023,red
274,392,"Jan 12, 2023",1st Qtr,7:32,False,3,27,False,7,16,OKC,PHI,2023,red
275,397,"Jan 12, 2023",1st Qtr,3:17,True,3,27,False,22,26,OKC,PHI,2023,green
158,231,"Jan 12, 2023",2nd Qtr,6:39,False,2,11,False,41,47,OKC,PHI,2023,red
291,350,"Jan 12, 2023",2nd Qtr,0:58,True,3,26,False,52,64,OKC,PHI,2023,green
280,96,"Jan 12, 2023",2nd Qtr,0:38,False,3,27,False,52,64,OKC,PHI,2023,red
331,236,"Jan 12, 2023",2nd Qtr,0:34,True,3,28,False,55,64,OKC,PHI,2023,green
328,346,"Jan 12, 2023",3rd Qtr,10:35,True,3,29,False,62,67,OKC,PHI,2023,green
83,372,"Jan 12, 2023",3rd Qtr,7:06,True,2,14,True,75,73,OKC,PHI,2023,green
309,228,"Jan 12, 2023",4th Qtr,6:58,False,3,26,False,99,112,OKC,PHI,2023,red
299,263,"Jan 12, 2023",4th Qtr,2:47,False,3,25,False,112,122,OKC,PHI,2023,red
283,141,"Jan 12, 2023",4th Qtr,2:03,False,3,25,False,112,126,OKC,PHI,2023,red
108,238,"Jan 14, 2023",1st Qtr,10:39,True,2,6,True,6,0,UTA,PHI,2023,green
95,473,"Jan 14, 2023",1st Qtr,8:56,False,3,24,True,9,5,UTA,PHI,2023,red
113,238,"Jan 14, 2023",1st Qtr,8:25,True,2,6,True,11,7,UTA,PHI,2023,green
131,167,"Jan 14, 2023",1st Qtr,7:56,True,2,11,True,13,7,UTA,PHI,2023,green
252,373,"Jan 14, 2023",1st Qtr,5:16,False,3,24,True,24,14,UTA,PHI,2023,red
192,267,"Jan 14, 2023",2nd Qtr,5:52,False,2,14,True,49,35,UTA,PHI,2023,red
283,124,"Jan 14, 2023",2nd Qtr,3:50,False,3,26,True,53,46,UTA,PHI,2023,red
74,202,"Jan 14, 2023",2nd Qtr,2:05,True,2,5,True,58,52,UTA,PHI,2023,green
153,330,"Jan 14, 2023",3rd Qtr,10:39,False,2,14,True,68,57,UTA,PHI,2023,red
128,182,"Jan 14, 2023",3rd Qtr,7:32,True,2,10,True,78,66,UTA,PHI,2023,green
276,353,"Jan 14, 2023",3rd Qtr,3:54,False,3,25,True,81,77,UTA,PHI,2023,red
310,239,"Jan 14, 2023",4th Qtr,9:09,True,3,26,True,95,90,UTA,PHI,2023,green
276,359,"Jan 14, 2023",4th Qtr,8:27,True,3,26,True,98,92,UTA,PHI,2023,green
297,317,"Jan 14, 2023",4th Qtr,7:36,True,3,26,True,101,93,UTA,PHI,2023,green
123,468,"Jan 14, 2023",4th Qtr,7:02,False,3,24,True,101,96,UTA,PHI,2023,red
152,122,"Jan 14, 2023",4th Qtr,6:25,True,2,16,True,103,98,UTA,PHI,2023,green
313,330,"Jan 14, 2023",4th Qtr,5:26,True,3,28,True,108,100,UTA,PHI,2023,green
276,87,"Jan 14, 2023",4th Qtr,4:17,False,3,27,True,108,103,UTA,PHI,2023,red
71,177,"Jan 14, 2023",4th Qtr,0:27,True,2,7,True,116,115,UTA,PHI,2023,green
68,202,"Jan 15, 2023",1st Qtr,8:58,True,2,4,True,7,4,LAL,PHI,2023,green
321,236,"Jan 15, 2023",1st Qtr,8:12,True,3,27,True,10,8,LAL,PHI,2023,green
65,223,"Jan 15, 2023",2nd Qtr,6:01,False,2,2,False,45,45,LAL,PHI,2023,red
316,235,"Jan 15, 2023",2nd Qtr,5:38,True,3,27,True,48,45,LAL,PHI,2023,green
321,210,"Jan 15, 2023",2nd Qtr,1:47,True,3,27,True,57,49,LAL,PHI,2023,green
311,131,"Jan 15, 2023",2nd Qtr,0:30,False,3,28,True,57,56,LAL,PHI,2023,red
302,318,"Jan 15, 2023",3rd Qtr,10:50,False,3,26,True,59,58,LAL,PHI,2023,red
205,359,"Jan 15, 2023",3rd Qtr,10:18,True,2,20,True,61,58,LAL,PHI,2023,green
58,231,"Jan 15, 2023",3rd Qtr,8:24,True,2,1,True,67,61,LAL,PHI,2023,green
306,232,"Jan 15, 2023",3rd Qtr,7:30,False,3,26,True,67,64,LAL,PHI,2023,red
82,310,"Jan 15, 2023",4th Qtr,6:23,False,2,8,False,95,97,LAL,PHI,2023,red
58,217,"Jan 15, 2023",4th Qtr,5:36,True,2,2,True,99,97,LAL,PHI,2023,green
82,244,"Jan 15, 2023",4th Qtr,4:57,True,2,3,True,101,99,LAL,PHI,2023,green
274,369,"Jan 15, 2023",4th Qtr,4:18,True,3,26,True,104,101,LAL,PHI,2023,green
66,221,"Jan 15, 2023",4th Qtr,2:08,False,2,2,False,106,107,LAL,PHI,2023,red
72,152,"Jan 17, 2023",1st Qtr,8:26,True,2,9,True,8,6,LAC,PHI,2023,green
300,131,"Jan 17, 2023",2nd Qtr,6:01,False,3,27,True,46,41,LAC,PHI,2023,red
315,238,"Jan 17, 2023",2nd Qtr,0:50,False,3,27,True,60,48,LAC,PHI,2023,red
219,37,"Jan 17, 2023",3rd Qtr,8:01,False,3,26,True,70,67,LAC,PHI,2023,red
319,282,"Jan 17, 2023",3rd Qtr,6:45,False,3,27,True,74,71,LAC,PHI,2023,red
78,221,"Jan 17, 2023",3rd Qtr,4:27,False,2,3,True,78,75,LAC,PHI,2023,red
318,233,"Jan 19, 2023",1st Qtr,11:31,False,3,27,False,0,0,POR,PHI,2023,red
194,454,"Jan 19, 2023",2nd Qtr,6:54,False,3,26,True,40,22,POR,PHI,2023,red
59,232,"Jan 19, 2023",2nd Qtr,5:11,True,2,1,True,47,26,POR,PHI,2023,green
70,300,"Jan 19, 2023",2nd Qtr,1:41,False,2,6,True,52,30,POR,PHI,2023,red
88,274,"Jan 19, 2023",2nd Qtr,0:01,True,2,5,True,57,34,POR,PHI,2023,green
69,301,"Jan 19, 2023",3rd Qtr,9:57,False,2,6,True,59,39,POR,PHI,2023,red
283,341,"Jan 19, 2023",3rd Qtr,8:36,True,3,25,True,65,44,POR,PHI,2023,green
62,237,"Jan 19, 2023",3rd Qtr,6:09,True,2,1,True,73,49,POR,PHI,2023,green
113,372,"Jan 19, 2023",4th Qtr,7:25,True,2,15,True,90,75,POR,PHI,2023,green
276,108,"Jan 19, 2023",4th Qtr,3:12,False,3,26,True,95,88,POR,PHI,2023,red
61,236,"Jan 19, 2023",4th Qtr,1:12,True,2,1,True,103,93,POR,PHI,2023,green
247,57,"Jan 25, 2023",1st Qtr,10:05,False,3,27,False,5,5,BRK,PHI,2023,red
259,388,"Jan 25, 2023",1st Qtr,8:44,True,3,26,True,16,8,BRK,PHI,2023,green
131,324,"Jan 25, 2023",2nd Qtr,6:07,False,2,12,True,61,55,BRK,PHI,2023,red
298,350,"Jan 25, 2023",2nd Qtr,0:12,False,3,27,True,75,62,BRK,PHI,2023,red
303,328,"Jan 25, 2023",3rd Qtr,8:47,False,3,27,True,81,70,BRK,PHI,2023,red
294,125,"Jan 25, 2023",3rd Qtr,7:55,True,3,27,True,86,74,BRK,PHI,2023,green
302,232,"Jan 25, 2023",3rd Qtr,6:57,True,3,25,True,91,76,BRK,PHI,2023,green
180,460,"Jan 25, 2023",4th Qtr,10:58,False,3,26,True,107,100,BRK,PHI,2023,red
318,163,"Jan 25, 2023",4th Qtr,3:48,True,3,28,True,123,120,BRK,PHI,2023,green
328,273,"Jan 25, 2023",4th Qtr,3:07,True,3,28,True,126,122,BRK,PHI,2023,green
328,239,"Jan 25, 2023",4th Qtr,1:42,False,3,28,True,128,124,BRK,PHI,2023,red
58,227,"Jan 25, 2023",4th Qtr,0:23,True,2,2,True,135,131,BRK,PHI,2023,green
52,253,"Jan 28, 2023",1st Qtr,7:11,True,2,1,False,13,17,DEN,PHI,2023,green
303,204,"Jan 28, 2023",1st Qtr,2:24,True,3,26,False,23,30,DEN,PHI,2023,green
62,358,"Jan 28, 2023",2nd Qtr,6:07,False,2,12,False,44,50,DEN,PHI,2023,red
305,327,"Jan 28, 2023",2nd Qtr,4:38,True,3,27,False,50,54,DEN,PHI,2023,green
307,358,"Jan 28, 2023",2nd Qtr,1:10,True,3,28,False,58,69,DEN,PHI,2023,green
61,224,"Jan 28, 2023",3rd Qtr,9:27,True,2,2,False,71,77,DEN,PHI,2023,green
164,468,"Jan 28, 2023",4th Qtr,8:40,False,3,25,False,98,106,DEN,PHI,2023,red
66,236,"Jan 28, 2023",4th Qtr,6:27,False,2,2,False,108,108,DEN,PHI,2023,red
308,138,"Jan 28, 2023",4th Qtr,2:23,False,3,28,True,118,112,DEN,PHI,2023,red
308,182,"Jan 28, 2023",4th Qtr,1:05,False,3,26,True,120,117,DEN,PHI,2023,red
163,267,"Jan 30, 2023",1st Qtr,11:43,True,2,12,True,2,0,ORL,PHI,2023,green
103,207,"Jan 30, 2023",1st Qtr,9:26,False,2,6,True,5,0,ORL,PHI,2023,red
272,77,"Jan 30, 2023",2nd Qtr,6:46,False,3,28,True,44,27,ORL,PHI,2023,red
188,19,"Jan 30, 2023",2nd Qtr,1:50,False,3,26,True,58,44,ORL,PHI,2023,red
318,226,"Jan 30, 2023",3rd Qtr,9:30,False,3,27,True,70,55,ORL,PHI,2023,red
90,9,"Jan 30, 2023",3rd Qtr,8:31,True,3,23,True,73,58,ORL,PHI,2023,green
297,136,"Jan 30, 2023",3rd Qtr,8:01,False,3,27,True,73,58,ORL,PHI,2023,red
307,338,"Jan 30, 2023",3rd Qtr,5:23,True,3,27,True,78,70,ORL,PHI,2023,green
43,261,"Jan 30, 2023",3rd Qtr,4:47,False,2,2,True,78,71,ORL,PHI,2023,red
316,250,"Jan 30, 2023",3rd Qtr,3:44,True,3,27,True,81,76,ORL,PHI,2023,green
303,313,"Jan 30, 2023",3rd Qtr,2:25,False,3,26,True,85,84,ORL,PHI,2023,red
261,412,"Jan 30, 2023",4th Qtr,6:19,False,3,27,False,101,106,ORL,PHI,2023,red
66,242,"Jan 30, 2023",4th Qtr,5:49,False,2,2,False,101,106,ORL,PHI,2023,red
72,232,"Jan 30, 2023",4th Qtr,3:37,True,2,2,False,105,111,ORL,PHI,2023,green
42,249,"Feb 1, 2023",1st Qtr,7:49,True,2,1,True,11,9,ORL,PHI,2023,green
299,157,"Feb 1, 2023",1st Qtr,6:49,True,3,26,True,16,14,ORL,PHI,2023,green
116,178,"Feb 1, 2023",2nd Qtr,8:51,False,2,9,True,39,31,ORL,PHI,2023,red
308,345,"Feb 1, 2023",2nd Qtr,7:55,False,3,28,True,39,35,ORL,PHI,2023,red
292,333,"Feb 1, 2023",2nd Qtr,3:53,True,3,26,True,50,43,ORL,PHI,2023,green
299,387,"Feb 1, 2023",2nd Qtr,2:56,False,3,29,True,50,45,ORL,PHI,2023,red
72,227,"Feb 1, 2023",2nd Qtr,1:10,False,2,3,True,52,51,ORL,PHI,2023,red
316,297,"Feb 1, 2023",3rd Qtr,9:27,True,3,27,True,64,57,ORL,PHI,2023,green
313,257,"Feb 1, 2023",3rd Qtr,7:18,False,3,26,True,68,64,ORL,PHI,2023,red
308,254,"Feb 1, 2023",3rd Qtr,6:02,True,3,26,True,71,66,ORL,PHI,2023,green
292,367,"Feb 1, 2023",4th Qtr,9:12,True,3,27,True,88,83,ORL,PHI,2023,green
315,249,"Feb 1, 2023",4th Qtr,5:57,False,3,27,True,98,85,ORL,PHI,2023,red
285,122,"Feb 1, 2023",4th Qtr,4:48,True,3,26,True,101,90,ORL,PHI,2023,green
190,295,"Feb 3, 2023",1st Qtr,5:55,False,2,15,False,9,15,SAS,PHI,2023,red
63,257,"Feb 3, 2023",1st Qtr,5:02,True,2,2,False,14,17,SAS,PHI,2023,green
103,207,"Feb 3, 2023",1st Qtr,3:54,False,2,6,False,17,19,SAS,PHI,2023,red
51,240,"Feb 3, 2023",1st Qtr,3:48,False,2,0,False,17,19,SAS,PHI,2023,red
48,217,"Feb 3, 2023",2nd Qtr,0:05,True,2,2,True,73,59,SAS,PHI,2023,green
279,380,"Feb 3, 2023",3rd Qtr,8:47,False,3,27,True,82,71,SAS,PHI,2023,red
315,282,"Feb 3, 2023",3rd Qtr,7:23,True,3,27,True,85,71,SAS,PHI,2023,green
133,0,"Feb 3, 2023",3rd Qtr,5:46,False,3,25,True,86,75,SAS,PHI,2023,red
282,93,"Feb 3, 2023",4th Qtr,3:58,True,3,27,True,128,112,SAS,PHI,2023,green
328,232,"Feb 3, 2023",4th Qtr,2:27,False,3,28,True,130,116,SAS,PHI,2023,red
77,237,"Feb 5, 2023",1st Qtr,11:37,False,2,3,False,0,0,NYK,PHI,2023,red
208,423,"Feb 5, 2023",2nd Qtr,8:24,False,3,24,True,40,34,NYK,PHI,2023,red
280,152,"Feb 5, 2023",2nd Qtr,7:22,False,3,25,True,40,39,NYK,PHI,2023,red
94,278,"Feb 5, 2023",2nd Qtr,3:58,True,2,6,True,49,44,NYK,PHI,2023,green
297,330,"Feb 5, 2023",2nd Qtr,0:29,False,3,26,True,53,51,NYK,PHI,2023,red
58,228,"Feb 5, 2023",3rd Qtr,9:44,True,2,1,True,58,56,NYK,PHI,2023,green
59,231,"Feb 5, 2023",3rd Qtr,5:16,False,2,1,True,68,63,NYK,PHI,2023,red
197,202,"Feb 5, 2023",3rd Qtr,2:57,False,2,15,True,74,67,NYK,PHI,2023,red
118,141,"Feb 5, 2023",4th Qtr,8:30,True,2,12,False,84,86,NYK,PHI,2023,green
66,261,"Feb 5, 2023",4th Qtr,5:33,True,2,3,False,88,91,NYK,PHI,2023,green
282,357,"Feb 5, 2023",4th Qtr,3:07,False,3,26,False,90,98,NYK,PHI,2023,red
131,1,"Feb 8, 2023",1st Qtr,11:37,False,3,25,False,0,0,BOS,PHI,2023,red
195,298,"Feb 8, 2023",1st Qtr,10:21,True,2,16,True,7,0,BOS,PHI,2023,green
216,157,"Feb 8, 2023",1st Qtr,6:54,True,2,19,True,15,11,BOS,PHI,2023,green
98,217,"Feb 8, 2023",2nd Qtr,7:53,True,2,5,False,35,39,BOS,PHI,2023,green
103,275,"Feb 8, 2023",2nd Qtr,7:28,False,2,6,False,35,39,BOS,PHI,2023,red
285,363,"Feb 8, 2023",2nd Qtr,5:34,False,3,27,False,35,44,BOS,PHI,2023,red
74,209,"Feb 8, 2023",2nd Qtr,1:06,True,2,4,False,52,57,BOS,PHI,2023,green
101,8,"Feb 8, 2023",2nd Qtr,0:33,True,3,24,False,55,57,BOS,PHI,2023,green
46,260,"Feb 8, 2023",3rd Qtr,9:18,True,2,2,False,64,64,BOS,PHI,2023,green
272,390,"Feb 8, 2023",3rd Qtr,7:30,True,3,27,False,67,72,BOS,PHI,2023,green
58,238,"Feb 8, 2023",3rd Qtr,6:48,False,2,1,False,67,72,BOS,PHI,2023,red
271,367,"Feb 8, 2023",4th Qtr,11:43,False,3,25,False,79,86,BOS,PHI,2023,red
302,173,"Feb 8, 2023",4th Qtr,4:50,True,3,26,False,91,98,BOS,PHI,2023,green
315,348,"Feb 8, 2023",4th Qtr,0:07,False,3,29,False,99,106,BOS,PHI,2023,red
42,235,"Feb 10, 2023",1st Qtr,11:00,True,2,1,False,2,5,NYK,PHI,2023,green
275,368,"Feb 10, 2023",1st Qtr,7:29,False,3,26,False,7,18,NYK,PHI,2023,red
284,358,"Feb 10, 2023",1st Qtr,5:32,True,3,26,False,14,20,NYK,PHI,2023,green
303,323,"Feb 10, 2023",2nd Qtr,5:43,False,3,27,False,43,53,NYK,PHI,2023,red
304,319,"Feb 10, 2023",2nd Qtr,3:42,False,3,27,False,47,55,NYK,PHI,2023,red
210,324,"Feb 10, 2023",2nd Qtr,1:34,False,2,18,False,52,61,NYK,PHI,2023,red
302,348,"Feb 10, 2023",3rd Qtr,9:45,False,3,27,False,66,73,NYK,PHI,2023,red
61,229,"Feb 10, 2023",3rd Qtr,8:33,False,2,2,False,66,76,NYK,PHI,2023,red
77,255,"Feb 10, 2023",3rd Qtr,7:13,False,2,3,False,71,78,NYK,PHI,2023,red
59,234,"Feb 10, 2023",3rd Qtr,6:36,True,2,1,False,73,83,NYK,PHI,2023,green
62,233,"Feb 10, 2023",3rd Qtr,5:29,True,2,1,False,78,86,NYK,PHI,2023,green
159,227,"Feb 10, 2023",4th Qtr,10:45,True,2,11,True,94,93,NYK,PHI,2023,green
299,323,"Feb 10, 2023",4th Qtr,10:08,True,3,26,True,97,95,NYK,PHI,2023,green
321,263,"Feb 10, 2023",4th Qtr,6:45,False,3,27,True,106,101,NYK,PHI,2023,red
83,357,"Feb 10, 2023",4th Qtr,6:24,False,2,12,True,106,101,NYK,PHI,2023,red
52,340,"Feb 10, 2023",4th Qtr,0:25,True,2,10,True,119,108,NYK,PHI,2023,green
82,240,"Feb 11, 2023",1st Qtr,9:50,False,2,3,False,4,4,BRK,PHI,2023,red
51,240,"Feb 11, 2023",1st Qtr,9:43,True,2,0,True,6,4,BRK,PHI,2023,green
97,264,"Feb 11, 2023",1st Qtr,8:41,False,2,5,False,6,11,BRK,PHI,2023,red
300,179,"Feb 11, 2023",1st Qtr,6:54,True,3,26,False,9,16,BRK,PHI,2023,green
61,238,"Feb 11, 2023",1st Qtr,5:09,False,2,1,False,11,18,BRK,PHI,2023,red
263,374,"Feb 11, 2023",2nd Qtr,8:21,True,3,25,False,39,42,BRK,PHI,2023,green
138,363,"Feb 11, 2023",2nd Qtr,7:53,True,2,15,False,41,44,BRK,PHI,2023,green
74,243,"Feb 11, 2023",2nd Qtr,7:09,False,2,2,False,41,44,BRK,PHI,2023,red
285,328,"Feb 11, 2023",2nd Qtr,5:54,False,3,25,False,41,44,BRK,PHI,2023,red
54,247,"Feb 11, 2023",2nd Qtr,3:13,True,2,1,False,46,52,BRK,PHI,2023,green
190,457,"Feb 11, 2023",2nd Qtr,2:38,False,3,26,False,46,52,BRK,PHI,2023,red
106,285,"Feb 11, 2023",2nd Qtr,1:24,True,2,7,False,48,56,BRK,PHI,2023,green
59,222,"Feb 11, 2023",3rd Qtr,8:16,True,2,2,False,58,64,BRK,PHI,2023,green
314,190,"Feb 11, 2023",3rd Qtr,4:17,False,3,27,False,62,72,BRK,PHI,2023,red
109,242,"Feb 11, 2023",4th Qtr,8:46,False,2,6,False,83,92,BRK,PHI,2023,red
153,221,"Feb 11, 2023",4th Qtr,7:52,False,2,11,False,85,92,BRK,PHI,2023,red
179,114,"Feb 11, 2023",4th Qtr,7:20,True,2,18,False,87,94,BRK,PHI,2023,green
57,229,"Feb 11, 2023",4th Qtr,6:02,True,2,1,False,91,96,BRK,PHI,2023,green
251,401,"Feb 11, 2023",4th Qtr,0:36,False,3,26,False,97,98,BRK,PHI,2023,red
73,222,"Feb 11, 2023",4th Qtr,0:06,False,2,3,False,97,98,BRK,PHI,2023,red
106,476,"Feb 13, 2023",1st Qtr,9:48,False,3,24,False,5,6,HOU,PHI,2023,red
44,217,"Feb 13, 2023",1st Qtr,6:58,False,2,2,False,10,12,HOU,PHI,2023,red
167,243,"Feb 13, 2023",1st Qtr,6:16,True,2,12,True,13,12,HOU,PHI,2023,green
49,231,"Feb 13, 2023",1st Qtr,4:50,True,2,1,True,17,15,HOU,PHI,2023,green
304,316,"Feb 13, 2023",1st Qtr,4:01,False,3,27,False,17,17,HOU,PHI,2023,red
249,92,"Feb 13, 2023",2nd Qtr,5:06,False,3,25,False,43,44,HOU,PHI,2023,red
321,200,"Feb 13, 2023",3rd Qtr,9:10,True,3,27,True,66,58,HOU,PHI,2023,green
336,312,"Feb 13, 2023",3rd Qtr,7:03,True,3,29,True,72,61,HOU,PHI,2023,green
256,406,"Feb 13, 2023",3rd Qtr,6:32,False,3,26,True,72,61,HOU,PHI,2023,red
61,229,"Feb 13, 2023",3rd Qtr,4:48,True,2,2,True,78,64,HOU,PHI,2023,green
231,430,"Feb 13, 2023",3rd Qtr,4:14,True,3,26,True,81,64,HOU,PHI,2023,green
173,463,"Feb 13, 2023",3rd Qtr,3:22,True,3,26,True,84,67,HOU,PHI,2023,green
108,236,"Feb 13, 2023",3rd Qtr,2:35,False,2,6,True,84,69,HOU,PHI,2023,red
72,254,"Feb 13, 2023",4th Qtr,10:02,False,2,3,True,95,81,HOU,PHI,2023,red
79,243,"Feb 13, 2023",4th Qtr,7:11,False,2,3,True,101,88,HOU,PHI,2023,red
283,107,"Feb 13, 2023",4th Qtr,5:43,False,3,27,True,107,90,HOU,PHI,2023,red
133,243,"Feb 13, 2023",4th Qtr,5:17,True,2,8,True,109,90,HOU,PHI,2023,green
123,238,"Feb 13, 2023",4th Qtr,4:50,True,2,7,True,112,90,HOU,PHI,2023,green
62,475,"Feb 15, 2023",1st Qtr,9:14,True,3,24,True,10,6,CLE,PHI,2023,green
56,242,"Feb 15, 2023",1st Qtr,8:05,True,2,1,True,12,8,CLE,PHI,2023,green
274,367,"Feb 15, 2023",1st Qtr,7:07,True,3,26,True,18,10,CLE,PHI,2023,green
82,240,"Feb 15, 2023",1st Qtr,2:29,False,2,3,True,33,15,CLE,PHI,2023,red
80,241,"Feb 15, 2023",2nd Qtr,8:39,True,2,3,True,44,28,CLE,PHI,2023,green
298,319,"Feb 15, 2023",2nd Qtr,2:47,False,3,26,True,57,35,CLE,PHI,2023,red
310,344,"Feb 15, 2023",2nd Qtr,0:49,True,3,28,True,63,35,CLE,PHI,2023,green
236,35,"Feb 15, 2023",2nd Qtr,0:29,False,3,28,True,63,35,CLE,PHI,2023,red
63,221,"Feb 15, 2023",4th Qtr,7:41,False,2,2,True,98,86,CLE,PHI,2023,red
130,478,"Feb 15, 2023",4th Qtr,6:23,False,3,25,True,100,89,CLE,PHI,2023,red
231,442,"Feb 15, 2023",4th Qtr,1:39,False,3,27,True,112,106,CLE,PHI,2023,red
254,416,"Feb 23, 2023",1st Qtr,9:23,True,3,27,False,6,6,MEM,PHI,2023,green
59,240,"Feb 23, 2023",1st Qtr,7:05,True,2,1,False,12,14,MEM,PHI,2023,green
133,337,"Feb 23, 2023",1st Qtr,5:36,False,2,13,False,12,20,MEM,PHI,2023,red
96,238,"Feb 23, 2023",2nd Qtr,10:22,True,2,5,False,28,39,MEM,PHI,2023,green
114,222,"Feb 23, 2023",2nd Qtr,9:59,False,2,7,False,29,41,MEM,PHI,2023,red
315,236,"Feb 23, 2023",2nd Qtr,8:39,True,3,27,False,32,46,MEM,PHI,2023,green
90,473,"Feb 23, 2023",2nd Qtr,6:09,False,3,24,False,37,52,MEM,PHI,2023,red
305,158,"Feb 23, 2023",2nd Qtr,4:36,False,3,27,False,37,53,MEM,PHI,2023,red
310,261,"Feb 23, 2023",2nd Qtr,1:28,True,3,26,False,42,56,MEM,PHI,2023,green
301,313,"Feb 23, 2023",2nd Qtr,0:01,False,3,26,False,47,59,MEM,PHI,2023,red
64,195,"Feb 23, 2023",3rd Qtr,9:33,True,2,5,False,53,59,MEM,PHI,2023,green
253,403,"Feb 23, 2023",4th Qtr,11:24,True,3,26,False,78,84,MEM,PHI,2023,green
140,234,"Feb 23, 2023",4th Qtr,7:29,True,2,9,False,85,91,MEM,PHI,2023,green
312,213,"Feb 23, 2023",4th Qtr,5:41,True,3,26,False,91,97,MEM,PHI,2023,green
84,471,"Feb 23, 2023",4th Qtr,1:24,True,3,23,False,103,104,MEM,PHI,2023,green
66,222,"Feb 23, 2023",4th Qtr,0:50,False,2,2,False,103,105,MEM,PHI,2023,red
44,248,"Feb 25, 2023",1st Qtr,8:05,True,2,1,True,15,10,BOS,PHI,2023,green
316,283,"Feb 25, 2023",1st Qtr,7:00,False,3,27,True,15,13,BOS,PHI,2023,red
305,286,"Feb 25, 2023",1st Qtr,6:17,True,3,26,True,18,13,BOS,PHI,2023,green
57,259,"Feb 25, 2023",1st Qtr,3:17,False,2,2,True,24,17,BOS,PHI,2023,red
300,212,"Feb 25, 2023",2nd Qtr,10:05,False,3,25,False,30,34,BOS,PHI,2023,red
236,442,"Feb 25, 2023",2nd Qtr,6:41,False,3,27,False,38,41,BOS,PHI,2023,red
289,241,"Feb 25, 2023",2nd Qtr,0:41,False,2,24,True,56,50,BOS,PHI,2023,red
307,187,"Feb 25, 2023",3rd Qtr,8:21,True,3,26,True,67,52,BOS,PHI,2023,green
314,296,"Feb 25, 2023",3rd Qtr,4:11,False,3,27,True,75,62,BOS,PHI,2023,red
223,268,"Feb 25, 2023",4th Qtr,10:52,False,2,17,False,78,85,BOS,PHI,2023,red
223,263,"Feb 25, 2023",4th Qtr,10:44,False,2,17,False,78,85,BOS,PHI,2023,red
141,243,"Feb 25, 2023",4th Qtr,10:17,False,2,9,False,78,85,BOS,PHI,2023,red
50,240,"Feb 25, 2023",4th Qtr,10:13,True,2,0,False,80,85,BOS,PHI,2023,green
59,351,"Feb 25, 2023",4th Qtr,9:19,False,2,11,False,83,87,BOS,PHI,2023,red
320,194,"Feb 25, 2023",4th Qtr,7:36,False,3,27,False,85,91,BOS,PHI,2023,red
64,238,"Feb 25, 2023",4th Qtr,4:09,True,2,1,False,95,97,BOS,PHI,2023,green
48,237,"Feb 27, 2023",1st Qtr,10:10,True,2,0,True,6,3,MIA,PHI,2023,green
205,459,"Feb 27, 2023",1st Qtr,7:22,True,3,27,False,11,11,MIA,PHI,2023,green
283,377,"Feb 27, 2023",1st Qtr,5:41,False,3,27,False,13,15,MIA,PHI,2023,red
318,205,"Feb 27, 2023",2nd Qtr,5:11,False,3,27,False,35,41,MIA,PHI,2023,red
300,328,"Feb 27, 2023",2nd Qtr,2:47,True,3,26,False,43,50,MIA,PHI,2023,green
302,365,"Feb 27, 2023",2nd Qtr,0:03,False,3,28,False,50,58,MIA,PHI,2023,red
220,444,"Feb 27, 2023",3rd Qtr,9:48,False,3,27,False,52,60,MIA,PHI,2023,red
328,313,"Feb 27, 2023",3rd Qtr,9:11,True,3,29,False,55,60,MIA,PHI,2023,green
203,270,"Feb 27, 2023",3rd Qtr,8:39,False,2,16,False,55,63,MIA,PHI,2023,red
84,243,"Feb 27, 2023",3rd Qtr,5:05,False,2,3,False,66,70,MIA,PHI,2023,red
72,263,"Feb 27, 2023",3rd Qtr,0:59,True,2,3,False,77,82,MIA,PHI,2023,green
93,294,"Feb 27, 2023",4th Qtr,4:42,False,2,7,False,93,95,MIA,PHI,2023,red
61,192,"Feb 27, 2023",4th Qtr,1:10,False,2,5,False,99,100,MIA,PHI,2023,red
333,245,"Feb 27, 2023",4th Qtr,0:01,False,3,28,False,99,101,MIA,PHI,2023,red
83,273,"Mar 1, 2023",1st Qtr,10:20,True,2,5,False,2,4,MIA,PHI,2023,green
283,104,"Mar 1, 2023",1st Qtr,6:18,False,3,27,False,15,19,MIA,PHI,2023,red
228,421,"Mar 1, 2023",1st Qtr,5:22,False,3,25,False,17,19,MIA,PHI,2023,red
113,223,"Mar 1, 2023",2nd Qtr,10:12,False,2,6,False,39,40,MIA,PHI,2023,red
294,130,"Mar 1, 2023",2nd Qtr,9:46,True,3,27,False,42,43,MIA,PHI,2023,green
294,107,"Mar 1, 2023",2nd Qtr,9:12,True,3,28,True,45,43,MIA,PHI,2023,green
115,340,"Mar 1, 2023",2nd Qtr,4:09,False,2,12,True,60,49,MIA,PHI,2023,red
118,470,"Mar 1, 2023",2nd Qtr,3:35,False,3,24,True,62,49,MIA,PHI,2023,red
272,384,"Mar 1, 2023",2nd Qtr,2:12,True,3,26,True,68,51,MIA,PHI,2023,green
59,471,"Mar 1, 2023",2nd Qtr,0:29,False,3,23,True,71,53,MIA,PHI,2023,red
273,407,"Mar 1, 2023",3rd Qtr,10:08,True,3,28,True,76,57,MIA,PHI,2023,green
73,212,"Mar 1, 2023",3rd Qtr,8:37,True,2,4,True,80,59,MIA,PHI,2023,green
305,191,"Mar 1, 2023",3rd Qtr,6:00,False,3,26,True,84,65,MIA,PHI,2023,red
115,137,"Mar 1, 2023",4th Qtr,6:52,False,2,12,True,106,86,MIA,PHI,2023,red
113,242,"Mar 1, 2023",4th Qtr,5:45,False,2,6,True,106,88,MIA,PHI,2023,red
284,353,"Mar 2, 2023",1st Qtr,6:37,True,3,26,False,17,17,DAL,PHI,2023,green
77,225,"Mar 2, 2023",1st Qtr,3:38,True,2,3,False,24,26,DAL,PHI,2023,green
299,194,"Mar 2, 2023",1st Qtr,1:20,True,3,25,False,31,32,DAL,PHI,2023,green
221,423,"Mar 2, 2023",1st Qtr,0:13,True,3,25,False,36,38,DAL,PHI,2023,green
51,235,"Mar 2, 2023",2nd Qtr,1:52,True,2,1,False,64,65,DAL,PHI,2023,green
82,196,"Mar 2, 2023",2nd Qtr,0:41,False,2,5,False,65,69,DAL,PHI,2023,red
93,206,"Mar 2, 2023",3rd Qtr,10:06,False,2,5,False,69,81,DAL,PHI,2023,red
121,10,"Mar 2, 2023",3rd Qtr,8:55,False,3,24,False,71,86,DAL,PHI,2023,red
87,243,"Mar 2, 2023",3rd Qtr,7:34,True,2,4,False,74,91,DAL,PHI,2023,green
173,453,"Mar 2, 2023",3rd Qtr,4:34,False,3,25,False,82,101,DAL,PHI,2023,red
162,458,"Mar 2, 2023",3rd Qtr,2:07,True,3,24,False,88,109,DAL,PHI,2023,green
333,273,"Mar 2, 2023",4th Qtr,1:03,True,3,29,False,124,131,DAL,PHI,2023,green
310,205,"Mar 4, 2023",1st Qtr,8:27,True,3,26,False,10,10,MIL,PHI,2023,green
92,180,"Mar 4, 2023",1st Qtr,7:56,False,2,7,False,10,10,MIL,PHI,2023,red
50,240,"Mar 4, 2023",1st Qtr,7:52,False,2,0,False,10,10,MIL,PHI,2023,red
164,120,"Mar 4, 2023",1st Qtr,6:16,True,2,17,True,17,14,MIL,PHI,2023,green
340,218,"Mar 4, 2023",1st Qtr,5:37,True,3,29,True,20,17,MIL,PHI,2023,green
144,184,"Mar 4, 2023",1st Qtr,3:35,False,2,11,True,22,21,MIL,PHI,2023,red
320,266,"Mar 4, 2023",1st Qtr,3:22,False,3,27,True,22,21,MIL,PHI,2023,red
94,238,"Mar 4, 2023",2nd Qtr,8:29,False,2,4,False,35,40,MIL,PHI,2023,red
67,237,"Mar 4, 2023",2nd Qtr,8:27,False,2,2,False,35,40,MIL,PHI,2023,red
205,134,"Mar 4, 2023",2nd Qtr,7:26,False,2,19,False,35,40,MIL,PHI,2023,red
179,224,"Mar 4, 2023",2nd Qtr,5:53,True,2,13,False,41,44,MIL,PHI,2023,green
249,406,"Mar 4, 2023",2nd Qtr,5:28,False,3,26,False,41,44,MIL,PHI,2023,red
180,130,"Mar 4, 2023",2nd Qtr,3:28,False,2,17,False,45,50,MIL,PHI,2023,red
78,234,"Mar 4, 2023",2nd Qtr,0:55,True,2,3,False,52,55,MIL,PHI,2023,green
106,238,"Mar 4, 2023",2nd Qtr,0:22,False,2,6,False,53,57,MIL,PHI,2023,red
79,263,"Mar 4, 2023",2nd Qtr,0:20,False,2,4,False,53,57,MIL,PHI,2023,red
171,473,"Mar 4, 2023",3rd Qtr,11:12,True,3,26,False,56,61,MIL,PHI,2023,green
74,236,"Mar 4, 2023",4th Qtr,11:29,False,2,2,False,85,99,MIL,PHI,2023,red
169,227,"Mar 4, 2023",4th Qtr,10:12,False,2,12,False,91,99,MIL,PHI,2023,red
293,158,"Mar 4, 2023",4th Qtr,9:28,True,3,26,False,97,101,MIL,PHI,2023,green
116,262,"Mar 4, 2023",4th Qtr,9:07,True,2,7,False,99,101,MIL,PHI,2023,green
310,327,"Mar 4, 2023",4th Qtr,8:39,False,3,27,False,100,104,MIL,PHI,2023,red
311,139,"Mar 4, 2023",4th Qtr,8:14,False,3,28,False,100,104,MIL,PHI,2023,red
75,252,"Mar 4, 2023",4th Qtr,7:51,True,2,3,False,102,104,MIL,PHI,2023,green
54,226,"Mar 4, 2023",4th Qtr,4:12,True,2,1,False,112,116,MIL,PHI,2023,green
338,171,"Mar 4, 2023",4th Qtr,1:21,True,3,30,False,124,125,MIL,PHI,2023,green
75,237,"Mar 6, 2023",1st Qtr,11:12,False,2,3,False,2,2,IND,PHI,2023,red
123,253,"Mar 6, 2023",1st Qtr,4:11,True,2,7,True,26,23,IND,PHI,2023,green
72,246,"Mar 6, 2023",1st Qtr,3:48,True,2,2,True,28,23,IND,PHI,2023,green
318,240,"Mar 6, 2023",2nd Qtr,10:37,False,3,27,False,40,41,IND,PHI,2023,red
77,313,"Mar 6, 2023",2nd Qtr,7:00,False,2,8,False,53,55,IND,PHI,2023,red
325,228,"Mar 6, 2023",2nd Qtr,4:22,True,3,28,False,63,63,IND,PHI,2023,green
323,229,"Mar 6, 2023",3rd Qtr,9:02,False,3,27,True,87,86,IND,PHI,2023,red
266,403,"Mar 6, 2023",4th Qtr,8:20,False,3,27,True,125,118,IND,PHI,2023,red
58,232,"Mar 6, 2023",4th Qtr,5:51,False,2,1,True,132,121,IND,PHI,2023,red
289,83,"Mar 6, 2023",4th Qtr,4:34,False,3,29,True,132,124,IND,PHI,2023,red
335,211,"Mar 6, 2023",4th Qtr,2:36,False,3,29,True,134,129,IND,PHI,2023,red
203,449,"Mar 10, 2023",1st Qtr,11:12,False,3,26,False,0,2,POR,PHI,2023,red
338,308,"Mar 10, 2023",1st Qtr,8:04,False,3,30,False,4,12,POR,PHI,2023,red
323,316,"Mar 10, 2023",2nd Qtr,9:06,False,3,28,False,34,47,POR,PHI,2023,red
116,228,"Mar 10, 2023",2nd Qtr,7:01,True,2,7,False,42,51,POR,PHI,2023,green
79,207,"Mar 10, 2023",2nd Qtr,6:34,True,2,4,False,45,51,POR,PHI,2023,green
192,450,"Mar 10, 2023",2nd Qtr,5:12,False,3,25,False,48,55,POR,PHI,2023,red
235,420,"Mar 10, 2023",2nd Qtr,4:15,False,3,26,False,50,61,POR,PHI,2023,red
185,203,"Mar 10, 2023",3rd Qtr,8:16,False,2,14,False,62,76,POR,PHI,2023,red
312,271,"Mar 10, 2023",3rd Qtr,6:48,True,3,26,False,71,78,POR,PHI,2023,green
83,271,"Mar 10, 2023",3rd Qtr,4:39,False,2,4,False,71,83,POR,PHI,2023,red
50,240,"Mar 10, 2023",3rd Qtr,4:36,True,2,0,False,73,83,POR,PHI,2023,green
95,222,"Mar 10, 2023",4th Qtr,8:52,True,2,5,False,97,103,POR,PHI,2023,green
285,141,"Mar 10, 2023",4th Qtr,6:50,False,3,26,False,98,109,POR,PHI,2023,red
304,310,"Mar 10, 2023",4th Qtr,3:25,True,3,26,False,112,114,POR,PHI,2023,green
73,247,"Mar 12, 2023",1st Qtr,7:30,True,2,2,True,8,6,WAS,PHI,2023,green
273,393,"Mar 12, 2023",2nd Qtr,8:22,False,3,27,True,36,26,WAS,PHI,2023,red
106,227,"Mar 12, 2023",2nd Qtr,7:59,False,2,6,True,36,26,WAS,PHI,2023,red
217,448,"Mar 12, 2023",2nd Qtr,5:29,True,3,27,True,39,33,WAS,PHI,2023,green
63,230,"Mar 12, 2023",2nd Qtr,4:41,True,2,2,True,41,33,WAS,PHI,2023,green
154,256,"Mar 12, 2023",2nd Qtr,1:10,True,2,11,True,51,43,WAS,PHI,2023,green
201,49,"Mar 12, 2023",3rd Qtr,11:01,True,3,24,True,60,50,WAS,PHI,2023,green
212,434,"Mar 12, 2023",3rd Qtr,5:51,False,3,25,True,71,61,WAS,PHI,2023,red
292,386,"Mar 12, 2023",4th Qtr,11:31,False,3,28,True,81,69,WAS,PHI,2023,red
122,469,"Mar 12, 2023",4th Qtr,6:12,True,3,24,True,103,78,WAS,PHI,2023,green
281,101,"Mar 12, 2023",4th Qtr,5:44,False,3,27,True,103,78,WAS,PHI,2023,red
64,247,"Mar 15, 2023",1st Qtr,9:59,True,2,2,True,6,2,CLE,PHI,2023,green
197,361,"Mar 15, 2023",1st Qtr,8:15,False,2,19,True,8,4,CLE,PHI,2023,red
203,443,"Mar 15, 2023",2nd Qtr,11:21,False,3,25,True,29,24,CLE,PHI,2023,red
118,228,"Mar 15, 2023",2nd Qtr,10:21,True,2,7,True,31,26,CLE,PHI,2023,green
141,274,"Mar 15, 2023",2nd Qtr,9:47,False,2,10,True,31,29,CLE,PHI,2023,red
313,236,"Mar 15, 2023",2nd Qtr,6:52,False,3,26,False,36,38,CLE,PHI,2023,red
58,227,"Mar 15, 2023",2nd Qtr,6:27,False,2,2,False,36,38,CLE,PHI,2023,red
233,423,"Mar 15, 2023",2nd Qtr,6:19,True,3,26,True,39,38,CLE,PHI,2023,green
253,450,"Mar 15, 2023",2nd Qtr,0:31,False,3,29,False,53,56,CLE,PHI,2023,red
312,111,"Mar 15, 2023",3rd Qtr,10:25,False,3,29,False,55,65,CLE,PHI,2023,red
95,185,"Mar 15, 2023",3rd Qtr,4:46,True,2,7,True,73,71,CLE,PHI,2023,green
105,336,"Mar 15, 2023",3rd Qtr,4:02,True,2,11,True,75,71,CLE,PHI,2023,green
300,127,"Mar 15, 2023",4th Qtr,10:42,True,3,27,True,90,85,CLE,PHI,2023,green
103,481,"Mar 15, 2023",4th Qtr,8:46,False,3,25,True,95,93,CLE,PHI,2023,red
284,359,"Mar 15, 2023",4th Qtr,8:07,False,3,26,False,95,96,CLE,PHI,2023,red
194,451,"Mar 15, 2023",4th Qtr,7:51,True,3,26,True,98,96,CLE,PHI,2023,green
58,257,"Mar 15, 2023",4th Qtr,6:09,True,2,2,True,105,98,CLE,PHI,2023,green
147,336,"Mar 15, 2023",4th Qtr,4:53,False,2,14,True,108,99,CLE,PHI,2023,red
58,236,"Mar 17, 2023",1st Qtr,10:06,True,2,1,True,7,5,CHO,PHI,2023,green
331,157,"Mar 17, 2023",1st Qtr,8:51,False,3,29,False,7,9,CHO,PHI,2023,red
63,244,"Mar 17, 2023",1st Qtr,7:13,True,2,1,False,11,14,CHO,PHI,2023,green
75,237,"Mar 17, 2023",1st Qtr,5:12,True,2,3,True,21,14,CHO,PHI,2023,green
323,207,"Mar 17, 2023",2nd Qtr,11:26,False,3,27,True,31,29,CHO,PHI,2023,red
174,298,"Mar 17, 2023",2nd Qtr,10:52,True,2,14,True,33,31,CHO,PHI,2023,green
110,200,"Mar 17, 2023",2nd Qtr,9:05,False,2,7,True,37,35,CHO,PHI,2023,red
77,280,"Mar 17, 2023",2nd Qtr,8:30,False,2,5,False,37,37,CHO,PHI,2023,red
51,240,"Mar 17, 2023",2nd Qtr,8:28,False,2,0,False,37,37,CHO,PHI,2023,red
299,312,"Mar 17, 2023",2nd Qtr,7:15,False,3,26,True,42,40,CHO,PHI,2023,red
111,475,"Mar 17, 2023",2nd Qtr,6:54,False,3,24,True,42,40,CHO,PHI,2023,red
72,231,"Mar 17, 2023",2nd Qtr,4:55,False,2,2,True,49,43,CHO,PHI,2023,red
315,247,"Mar 17, 2023",3rd Qtr,6:34,False,3,27,True,80,58,CHO,PHI,2023,red
288,358,"Mar 17, 2023",3rd Qtr,3:09,False,3,27,True,85,64,CHO,PHI,2023,red
210,180,"Mar 17, 2023",4th Qtr,10:26,False,2,17,True,96,67,CHO,PHI,2023,red
339,324,"Mar 20, 2023",1st Qtr,9:51,False,3,30,False,0,3,CHI,PHI,2023,red
78,223,"Mar 20, 2023",1st Qtr,8:52,False,2,3,False,2,5,CHI,PHI,2023,red
106,251,"Mar 20, 2023",2nd Qtr,10:06,True,2,6,True,27,19,CHI,PHI,2023,green
286,118,"Mar 20, 2023",2nd Qtr,9:02,False,3,27,True,27,21,CHI,PHI,2023,red
69,238,"Mar 20, 2023",2nd Qtr,7:17,False,2,2,False,29,29,CHI,PHI,2023,red
83,242,"Mar 20, 2023",2nd Qtr,3:31,False,2,3,False,33,36,CHI,PHI,2023,red
322,221,"Mar 20, 2023",2nd Qtr,2:31,False,3,27,False,35,38,CHI,PHI,2023,red
67,239,"Mar 20, 2023",3rd Qtr,6:41,False,2,2,False,55,56,CHI,PHI,2023,red
193,340,"Mar 20, 2023",4th Qtr,10:43,False,2,17,False,70,71,CHI,PHI,2023,red
282,161,"Mar 20, 2023",4th Qtr,8:33,False,3,24,False,72,77,CHI,PHI,2023,red
72,236,"Mar 20, 2023",4th Qtr,4:21,True,2,2,True,87,84,CHI,PHI,2023,green
343,259,"Mar 20, 2023",4th Qtr,3:32,False,3,29,False,87,87,CHI,PHI,2023,red
217,444,"Mar 20, 2023",1st OT,2:43,False,3,26,False,93,95,CHI,PHI,2023,red
97,286,"Mar 20, 2023",2nd OT,0:14,False,2,7,False,105,107,CHI,PHI,2023,red
153,235,"Mar 29, 2023",1st Qtr,9:49,False,2,10,False,3,5,DAL,PHI,2023,red
307,324,"Mar 29, 2023",1st Qtr,5:19,False,3,27,False,10,15,DAL,PHI,2023,red
316,207,"Mar 29, 2023",1st Qtr,4:15,False,3,27,False,12,20,DAL,PHI,2023,red
56,217,"Mar 29, 2023",1st Qtr,1:05,False,2,2,False,25,27,DAL,PHI,2023,red
67,209,"Mar 29, 2023",2nd Qtr,6:09,False,2,4,False,41,48,DAL,PHI,2023,red
69,231,"Mar 29, 2023",2nd Qtr,6:07,True,2,2,False,43,48,DAL,PHI,2023,green
256,393,"Mar 29, 2023",2nd Qtr,2:09,True,3,26,False,51,60,DAL,PHI,2023,green
59,197,"Mar 29, 2023",3rd Qtr,8:03,False,2,4,False,68,71,DAL,PHI,2023,red
321,245,"Mar 29, 2023",3rd Qtr,6:17,False,3,27,True,74,73,DAL,PHI,2023,red
68,221,"Mar 29, 2023",4th Qtr,10:43,False,2,3,False,95,97,DAL,PHI,2023,red
309,343,"Mar 29, 2023",4th Qtr,9:02,True,3,28,False,98,99,DAL,PHI,2023,green
213,164,"Mar 29, 2023",4th Qtr,8:29,False,2,18,False,98,99,DAL,PHI,2023,red
97,201,"Mar 29, 2023",4th Qtr,7:50,True,2,6,False,100,101,DAL,PHI,2023,green
303,187,"Mar 29, 2023",4th Qtr,1:38,False,3,26,True,113,108,DAL,PHI,2023,red
146,237,"Mar 31, 2023",1st Qtr,8:01,True,2,10,True,16,7,TOR,PHI,2023,green
46,223,"Mar 31, 2023",1st Qtr,6:29,False,2,2,True,18,13,TOR,PHI,2023,red
116,274,"Mar 31, 2023",2nd Qtr,8:54,False,2,7,True,39,36,TOR,PHI,2023,red
295,363,"Mar 31, 2023",2nd Qtr,7:59,True,3,27,True,48,38,TOR,PHI,2023,green
98,275,"Mar 31, 2023",2nd Qtr,7:15,True,2,6,True,50,40,TOR,PHI,2023,green
174,187,"Mar 31, 2023",2nd Qtr,4:44,True,2,14,True,60,46,TOR,PHI,2023,green
92,247,"Mar 31, 2023",2nd Qtr,3:51,True,2,4,True,65,47,TOR,PHI,2023,green
318,358,"Mar 31, 2023",2nd Qtr,1:30,True,3,29,True,74,53,TOR,PHI,2023,green
323,274,"Mar 31, 2023",2nd Qtr,0:52,True,3,27,True,77,53,TOR,PHI,2023,green
68,13,"Mar 31, 2023",3rd Qtr,10:01,False,3,23,True,77,61,TOR,PHI,2023,red
128,11,"Mar 31, 2023",4th Qtr,9:27,False,3,24,True,99,93,TOR,PHI,2023,red
58,221,"Mar 31, 2023",4th Qtr,8:49,True,2,2,True,101,96,TOR,PHI,2023,green
216,461,"Mar 31, 2023",4th Qtr,5:59,False,3,28,True,103,98,TOR,PHI,2023,red
78,212,"Mar 31, 2023",4th Qtr,3:33,True,2,4,True,110,101,TOR,PHI,2023,green
335,281,"Apr 2, 2023",2nd Qtr,10:57,True,3,29,False,31,41,MIL,PHI,2023,green
123,213,"Apr 2, 2023",2nd Qtr,10:21,True,2,8,False,33,43,MIL,PHI,2023,green
108,229,"Apr 2, 2023",2nd Qtr,9:11,False,2,6,False,33,49,MIL,PHI,2023,red
87,205,"Apr 2, 2023",2nd Qtr,5:24,False,2,5,False,41,59,MIL,PHI,2023,red
280,281,"Apr 2, 2023",2nd Qtr,2:33,True,2,23,False,49,65,MIL,PHI,2023,green
172,19,"Apr 2, 2023",3rd Qtr,10:17,False,3,25,False,56,69,MIL,PHI,2023,red
164,306,"Apr 2, 2023",3rd Qtr,9:47,True,2,13,False,58,71,MIL,PHI,2023,green
289,166,"Apr 2, 2023",3rd Qtr,8:14,False,3,25,False,61,71,MIL,PHI,2023,red
175,177,"Apr 2, 2023",4th Qtr,7:18,False,2,14,False,87,109,MIL,PHI,2023,red
228,428,"Apr 4, 2023",1st Qtr,10:06,True,3,26,True,7,2,BOS,PHI,2023,green
233,429,"Apr 4, 2023",1st Qtr,8:05,False,3,26,True,10,2,BOS,PHI,2023,red
269,403,"Apr 4, 2023",1st Qtr,6:49,False,3,27,True,12,5,BOS,PHI,2023,red
83,356,"Apr 4, 2023",1st Qtr,4:38,True,2,12,True,16,14,BOS,PHI,2023,green
69,204,"Apr 4, 2023",2nd Qtr,10:45,False,2,4,True,28,24,BOS,PHI,2023,red
311,280,"Apr 4, 2023",2nd Qtr,10:18,False,3,26,True,28,26,BOS,PHI,2023,red
279,366,"Apr 4, 2023",2nd Qtr,8:25,True,3,26,True,33,31,BOS,PHI,2023,green
79,247,"Apr 4, 2023",2nd Qtr,5:50,True,2,3,True,37,35,BOS,PHI,2023,green
220,285,"Apr 4, 2023",2nd Qtr,3:56,False,2,18,True,40,37,BOS,PHI,2023,red
315,308,"Apr 4, 2023",2nd Qtr,1:54,True,3,27,True,47,42,BOS,PHI,2023,green
141,106,"Apr 4, 2023",3rd Qtr,11:12,False,2,16,True,53,46,BOS,PHI,2023,red
259,80,"Apr 4, 2023",3rd Qtr,7:03,False,3,26,True,60,55,BOS,PHI,2023,red
79,252,"Apr 4, 2023",3rd Qtr,4:51,True,2,3,True,66,60,BOS,PHI,2023,green
253,409,"Apr 4, 2023",3rd Qtr,4:23,False,3,26,True,66,63,BOS,PHI,2023,red
180,203,"Apr 4, 2023",4th Qtr,10:56,False,2,14,True,72,69,BOS,PHI,2023,red
49,106,"Apr 4, 2023",4th Qtr,8:19,False,2,13,False,77,79,BOS,PHI,2023,red
215,445,"Apr 4, 2023",4th Qtr,5:57,True,3,26,False,84,86,BOS,PHI,2023,green
53,216,"Apr 6, 2023",1st Qtr,10:51,False,2,2,False,0,2,MIA,PHI,2023,red
312,166,"Apr 6, 2023",1st Qtr,7:15,False,3,27,False,10,11,MIA,PHI,2023,red
128,346,"Apr 6, 2023",2nd Qtr,11:35,False,2,13,False,31,41,MIA,PHI,2023,red
125,236,"Apr 6, 2023",2nd Qtr,9:39,False,2,8,False,31,45,MIA,PHI,2023,red
243,418,"Apr 6, 2023",2nd Qtr,8:05,False,3,26,False,33,50,MIA,PHI,2023,red
158,187,"Apr 6, 2023",2nd Qtr,6:39,True,2,12,False,37,53,MIA,PHI,2023,green
60,231,"Apr 6, 2023",2nd Qtr,5:03,True,2,1,False,40,54,MIA,PHI,2023,green
271,361,"Apr 6, 2023",2nd Qtr,4:18,False,3,25,False,40,54,MIA,PHI,2023,red
258,391,"Apr 6, 2023",2nd Qtr,2:06,False,3,26,False,42,59,MIA,PHI,2023,red
112,223,"Apr 6, 2023",2nd Qtr,0:35,True,2,6,False,44,67,MIA,PHI,2023,green
106,473,"Apr 6, 2023",3rd Qtr,9:49,True,3,24,False,51,74,MIA,PHI,2023,green
162,15,"Apr 6, 2023",3rd Qtr,8:00,True,3,25,False,56,74,MIA,PHI,2023,green
128,227,"Apr 15, 2023",1st Qtr,11:21,False,2,8,False,0,0,BRK,PHI,2023,red
103,230,"Apr 15, 2023",1st Qtr,10:30,False,2,5,False,2,2,BRK,PHI,2023,red
69,236,"Apr 15, 2023",1st Qtr,10:19,False,2,2,False,2,2,BRK,PHI,2023,red
159,270,"Apr 15, 2023",1st Qtr,8:03,True,2,11,True,11,7,BRK,PHI,2023,green
315,237,"Apr 15, 2023",1st Qtr,6:46,False,3,27,True,14,11,BRK,PHI,2023,red
106,246,"Apr 15, 2023",1st Qtr,5:44,False,2,6,True,14,13,BRK,PHI,2023,red
262,85,"Apr 15, 2023",1st Qtr,0:56,True,3,26,True,30,23,BRK,PHI,2023,green
69,225,"Apr 15, 2023",2nd Qtr,7:10,False,2,2,True,44,38,BRK,PHI,2023,red
271,383,"Apr 15, 2023",2nd Qtr,6:30,True,3,26,True,47,40,BRK,PHI,2023,green
85,257,"Apr 15, 2023",2nd Qtr,5:01,False,2,4,True,49,46,BRK,PHI,2023,red
64,228,"Apr 15, 2023",2nd Qtr,3:30,False,2,2,True,56,48,BRK,PHI,2023,red
248,420,"Apr 15, 2023",2nd Qtr,2:20,True,3,27,True,61,49,BRK,PHI,2023,green
313,308,"Apr 15, 2023",2nd Qtr,0:54,True,3,27,True,64,55,BRK,PHI,2023,green
347,165,"Apr 15, 2023",2nd Qtr,0:29,True,3,31,True,67,58,BRK,PHI,2023,green
331,344,"Apr 15, 2023",2nd Qtr,0:00,False,3,30,True,67,58,BRK,PHI,2023,red
190,471,"Apr 15, 2023",3rd Qtr,6:14,False,3,27,True,78,71,BRK,PHI,2023,red
39,481,"Apr 15, 2023",3rd Qtr,6:09,True,3,24,True,81,71,BRK,PHI,2023,green
252,416,"Apr 15, 2023",4th Qtr,11:37,False,3,27,True,93,81,BRK,PHI,2023,red
292,129,"Apr 15, 2023",4th Qtr,8:32,False,3,27,True,100,83,BRK,PHI,2023,red
200,32,"Apr 15, 2023",4th Qtr,5:51,False,3,26,True,105,92,BRK,PHI,2023,red
233,429,"Apr 15, 2023",4th Qtr,3:42,True,3,26,True,115,94,BRK,PHI,2023,green
52,233,"Apr 17, 2023",1st Qtr,9:46,True,2,1,True,5,3,BRK,PHI,2023,green
333,207,"Apr 17, 2023",1st Qtr,7:00,False,3,29,False,7,12,BRK,PHI,2023,red
316,333,"Apr 17, 2023",1st Qtr,0:01,False,3,28,False,25,25,BRK,PHI,2023,red
168,193,"Apr 17, 2023",2nd Qtr,10:32,False,2,13,False,27,27,BRK,PHI,2023,red
313,243,"Apr 17, 2023",2nd Qtr,3:17,False,3,26,False,35,45,BRK,PHI,2023,red
153,323,"Apr 17, 2023",2nd Qtr,2:23,False,2,13,False,37,45,BRK,PHI,2023,red
282,395,"Apr 17, 2023",2nd Qtr,0:29,False,3,28,False,42,49,BRK,PHI,2023,red
66,243,"Apr 17, 2023",3rd Qtr,7:31,False,2,2,True,58,56,BRK,PHI,2023,red
295,343,"Apr 17, 2023",3rd Qtr,6:40,True,3,27,True,61,56,BRK,PHI,2023,green
276,412,"Apr 17, 2023",3rd Qtr,5:14,False,3,28,True,64,59,BRK,PHI,2023,red
63,229,"Apr 17, 2023",4th Qtr,10:29,False,2,2,True,69,68,BRK,PHI,2023,red
298,111,"Apr 17, 2023",4th Qtr,9:19,True,3,28,True,74,68,BRK,PHI,2023,green
207,468,"Apr 17, 2023",4th Qtr,4:40,False,3,28,True,83,73,BRK,PHI,2023,red
308,241,"Apr 20, 2023",1st Qtr,9:43,False,3,26,False,4,4,BRK,PHI,2023,red
307,242,"Apr 20, 2023",1st Qtr,2:34,True,3,26,False,28,28,BRK,PHI,2023,green
68,254,"Apr 20, 2023",1st Qtr,1:45,False,2,2,False,28,28,BRK,PHI,2023,red
175,351,"Apr 20, 2023",2nd Qtr,11:39,True,2,17,True,34,28,BRK,PHI,2023,green
271,368,"Apr 20, 2023",2nd Qtr,8:32,True,3,26,True,40,34,BRK,PHI,2023,green
156,353,"Apr 20, 2023",2nd Qtr,6:46,True,2,15,True,42,36,BRK,PHI,2023,green
285,137,"Apr 20, 2023",2nd Qtr,6:15,False,3,26,True,42,36,BRK,PHI,2023,red
304,171,"Apr 20, 2023",2nd Qtr,0:35,False,3,26,True,58,47,BRK,PHI,2023,red
167,460,"Apr 20, 2023",3rd Qtr,9:28,False,3,25,True,60,54,BRK,PHI,2023,red
303,224,"Apr 20, 2023",3rd Qtr,7:58,True,3,25,True,63,61,BRK,PHI,2023,green
63,238,"Apr 20, 2023",3rd Qtr,4:46,True,2,1,False,67,70,BRK,PHI,2023,green
97,231,"Apr 20, 2023",3rd Qtr,3:04,True,2,5,False,71,74,BRK,PHI,2023,green
87,224,"Apr 20, 2023",3rd Qtr,1:27,False,2,4,False,74,77,BRK,PHI,2023,red
50,240,"Apr 20, 2023",3rd Qtr,1:23,True,2,0,False,76,77,BRK,PHI,2023,green
64,219,"Apr 20, 2023",3rd Qtr,0:31,False,2,3,False,76,80,BRK,PHI,2023,red
58,225,"Apr 22, 2023",1st Qtr,9:32,False,2,2,False,4,8,BRK,PHI,2023,red
83,261,"Apr 22, 2023",1st Qtr,7:27,False,2,4,False,4,14,BRK,PHI,2023,red
80,244,"Apr 22, 2023",1st Qtr,4:02,True,2,3,False,14,20,BRK,PHI,2023,green
298,199,"Apr 22, 2023",1st Qtr,2:49,False,3,25,False,16,20,BRK,PHI,2023,red
264,376,"Apr 22, 2023",2nd Qtr,4:04,True,3,25,False,36,39,BRK,PHI,2023,green
98,233,"Apr 22, 2023",2nd Qtr,3:43,False,2,5,False,36,39,BRK,PHI,2023,red
172,191,"Apr 22, 2023",2nd Qtr,2:23,True,2,13,False,38,44,BRK,PHI,2023,green
128,259,"Apr 22, 2023",2nd Qtr,1:55,False,2,8,False,38,44,BRK,PHI,2023,red
154,321,"Apr 22, 2023",2nd Qtr,0:59,False,2,13,False,40,45,BRK,PHI,2023,red
58,238,"Apr 22, 2023",2nd Qtr,0:50,False,2,1,False,40,45,BRK,PHI,2023,red
302,163,"Apr 22, 2023",3rd Qtr,9:43,True,3,26,False,45,53,BRK,PHI,2023,green
164,211,"Apr 22, 2023",3rd Qtr,8:37,False,2,12,False,45,53,BRK,PHI,2023,red
300,231,"Apr 22, 2023",3rd Qtr,6:55,False,3,25,False,50,53,BRK,PHI,2023,red
85,237,"Apr 22, 2023",3rd Qtr,5:41,False,2,4,False,52,53,BRK,PHI,2023,red
66,216,"Apr 22, 2023",3rd Qtr,2:12,False,2,3,True,60,57,BRK,PHI,2023,red
113,236,"Apr 22, 2023",4th Qtr,9:38,False,2,6,True,70,67,BRK,PHI,2023,red
267,363,"Apr 22, 2023",4th Qtr,9:06,False,3,25,False,70,70,BRK,PHI,2023,red
120,176,"Apr 22, 2023",4th Qtr,5:20,False,2,10,True,81,74,BRK,PHI,2023,red
63,144,"May 1, 2023",1st Qtr,11:38,True,2,10,True,2,0,BOS,PHI,2023,green
194,296,"May 1, 2023",1st Qtr,9:28,True,2,15,False,6,6,BOS,PHI,2023,green
167,167,"May 1, 2023",1st Qtr,8:33,True,2,14,True,10,9,BOS,PHI,2023,green
218,444,"May 1, 2023",1st Qtr,8:13,True,3,26,True,13,9,BOS,PHI,2023,green
268,421,"May 1, 2023",1st Qtr,7:41,True,3,28,True,16,11,BOS,PHI,2023,green
238,442,"May 1, 2023",1st Qtr,5:46,False,3,28,True,19,18,BOS,PHI,2023,red
203,334,"May 1, 2023",1st Qtr,4:04,True,2,18,False,21,24,BOS,PHI,2023,green
137,236,"May 1, 2023",1st Qtr,2:56,True,2,9,False,25,29,BOS,PHI,2023,green
282,390,"May 1, 2023",1st Qtr,2:01,False,3,28,False,25,31,BOS,PHI,2023,red
88,257,"May 1, 2023",1st Qtr,0:32,False,2,4,False,31,36,BOS,PHI,2023,red
89,207,"May 1, 2023",2nd Qtr,6:11,True,2,5,False,47,52,BOS,PHI,2023,green
210,22,"May 1, 2023",2nd Qtr,4:53,True,3,27,False,50,57,BOS,PHI,2023,green
205,311,"May 1, 2023",2nd Qtr,3:53,False,2,17,False,50,59,BOS,PHI,2023,red
82,418,"May 1, 2023",2nd Qtr,0:40,False,2,18,False,60,62,BOS,PHI,2023,red
304,194,"May 1, 2023",3rd Qtr,11:40,False,3,26,False,63,66,BOS,PHI,2023,red
134,243,"May 1, 2023",3rd Qtr,10:26,False,2,8,False,63,68,BOS,PHI,2023,red
82,237,"May 1, 2023",3rd Qtr,7:55,True,2,3,True,74,72,BOS,PHI,2023,green
89,377,"May 1, 2023",3rd Qtr,7:09,True,2,14,True,76,74,BOS,PHI,2023,green
294,323,"May 1, 2023",3rd Qtr,6:06,False,3,26,True,78,74,BOS,PHI,2023,red
44,470,"May 1, 2023",3rd Qtr,5:06,True,3,23,True,83,77,BOS,PHI,2023,green
203,223,"May 1, 2023",3rd Qtr,4:25,False,2,15,True,83,79,BOS,PHI,2023,red
300,333,"May 1, 2023",3rd Qtr,3:31,False,3,27,True,83,81,BOS,PHI,2023,red
300,343,"May 1, 2023",3rd Qtr,2:11,False,3,27,True,83,81,BOS,PHI,2023,red
198,304,"May 1, 2023",4th Qtr,8:56,True,2,16,False,93,96,BOS,PHI,2023,green
56,211,"May 1, 2023",4th Qtr,7:42,True,2,3,False,96,96,BOS,PHI,2023,green
288,361,"May 1, 2023",4th Qtr,7:02,True,3,27,True,99,96,BOS,PHI,2023,green
278,372,"May 1, 2023",4th Qtr,5:50,True,3,26,True,102,100,BOS,PHI,2023,green
293,362,"May 1, 2023",4th Qtr,5:09,False,3,27,False,102,102,BOS,PHI,2023,red
82,202,"May 1, 2023",4th Qtr,2:53,False,2,5,False,107,111,BOS,PHI,2023,red
307,248,"May 1, 2023",4th Qtr,0:08,True,3,26,True,117,115,BOS,PHI,2023,green
96,250,"May 3, 2023",1st Qtr,10:09,False,2,5,True,5,3,BOS,PHI,2023,red
194,318,"May 3, 2023",1st Qtr,5:28,True,2,16,False,10,12,BOS,PHI,2023,green
274,397,"May 3, 2023",1st Qtr,4:47,False,3,27,False,10,14,BOS,PHI,2023,red
138,286,"May 3, 2023",1st Qtr,4:29,True,2,10,False,12,14,BOS,PHI,2023,green
308,142,"May 3, 2023",1st Qtr,2:19,False,3,28,False,18,20,BOS,PHI,2023,red
325,207,"May 3, 2023",1st Qtr,1:13,False,3,28,False,18,23,BOS,PHI,2023,red
117,239,"May 3, 2023",2nd Qtr,9:42,False,2,7,False,26,37,BOS,PHI,2023,red
362,217,"May 3, 2023",2nd Qtr,7:26,False,3,31,False,32,42,BOS,PHI,2023,red
77,216,"May 3, 2023",2nd Qtr,5:16,False,2,4,False,38,45,BOS,PHI,2023,red
331,202,"May 3, 2023",2nd Qtr,0:08,False,3,28,False,47,57,BOS,PHI,2023,red
288,364,"May 3, 2023",3rd Qtr,8:03,False,3,27,False,54,66,BOS,PHI,2023,red
188,336,"May 3, 2023",3rd Qtr,6:08,False,2,17,False,55,71,BOS,PHI,2023,red
96,236,"May 3, 2023",3rd Qtr,2:05,False,2,5,False,60,83,BOS,PHI,2023,red
106,258,"May 3, 2023",3rd Qtr,0:56,False,2,6,False,63,89,BOS,PHI,2023,red
286,111,"May 5, 2023",1st Qtr,8:38,True,3,27,False,7,14,BOS,PHI,2023,green
109,243,"May 5, 2023",1st Qtr,8:11,False,2,6,False,7,14,BOS,PHI,2023,red
47,253,"May 5, 2023",1st Qtr,4:17,False,2,1,False,16,24,BOS,PHI,2023,red
318,290,"May 5, 2023",2nd Qtr,9:17,False,3,27,True,36,33,BOS,PHI,2023,red
126,257,"May 5, 2023",2nd Qtr,8:17,False,2,8,False,36,38,BOS,PHI,2023,red
139,311,"May 5, 2023",2nd Qtr,8:09,False,2,11,False,36,38,BOS,PHI,2023,red
73,228,"May 5, 2023",2nd Qtr,6:34,False,2,3,False,39,43,BOS,PHI,2023,red
313,239,"May 5, 2023",3rd Qtr,4:46,False,3,26,False,72,74,BOS,PHI,2023,red
212,253,"May 5, 2023",3rd Qtr,4:05,False,2,16,False,72,77,BOS,PHI,2023,red
210,468,"May 5, 2023",4th Qtr,11:42,False,3,28,False,77,88,BOS,PHI,2023,red
298,341,"May 5, 2023",4th Qtr,6:51,False,3,27,False,89,95,BOS,PHI,2023,red
51,236,"May 5, 2023",4th Qtr,4:36,True,2,0,False,94,100,BOS,PHI,2023,green
307,265,"May 5, 2023",4th Qtr,2:05,True,3,26,False,99,105,BOS,PHI,2023,green
293,378,"May 5, 2023",4th Qtr,0:12,False,3,28,False,102,114,BOS,PHI,2023,red
85,222,"May 7, 2023",1st Qtr,10:14,True,2,4,True,6,2,BOS,PHI,2023,green
62,258,"May 7, 2023",1st Qtr,6:44,False,2,2,False,11,14,BOS,PHI,2023,red
58,228,"May 7, 2023",1st Qtr,2:59,True,2,1,False,19,19,BOS,PHI,2023,green
316,189,"May 7, 2023",2nd Qtr,10:44,True,3,27,True,32,24,BOS,PHI,2023,green
112,160,"May 7, 2023",2nd Qtr,10:20,True,2,10,True,34,26,BOS,PHI,2023,green
98,249,"May 7, 2023",2nd Qtr,9:46,True,2,5,True,36,27,BOS,PHI,2023,green
150,240,"May 7, 2023",2nd Qtr,8:23,True,2,10,True,41,33,BOS,PHI,2023,green
274,384,"May 7, 2023",2nd Qtr,7:50,True,3,27,True,44,33,BOS,PHI,2023,green
45,222,"May 7, 2023",2nd Qtr,6:52,False,2,2,True,44,33,BOS,PHI,2023,red
69,232,"May 7, 2023",2nd Qtr,3:33,False,2,2,True,49,35,BOS,PHI,2023,red
213,450,"May 7, 2023",2nd Qtr,0:06,True,3,27,True,59,47,BOS,PHI,2023,green
277,141,"May 7, 2023",3rd Qtr,10:33,True,3,25,True,62,54,BOS,PHI,2023,green
288,354,"May 7, 2023",3rd Qtr,8:24,False,3,26,True,67,58,BOS,PHI,2023,red
204,263,"May 7, 2023",3rd Qtr,7:54,True,2,16,True,71,58,BOS,PHI,2023,green
265,395,"May 7, 2023",3rd Qtr,6:48,True,3,27,True,76,61,BOS,PHI,2023,green
167,161,"May 7, 2023",4th Qtr,11:42,False,2,14,True,92,83,BOS,PHI,2023,red
148,262,"May 7, 2023",4th Qtr,7:57,True,2,10,True,94,86,BOS,PHI,2023,green
232,309,"May 7, 2023",4th Qtr,2:26,True,2,19,False,100,102,BOS,PHI,2023,green
56,239,"May 7, 2023",4th Qtr,1:50,True,2,1,False,102,105,BOS,PHI,2023,green
168,228,"May 7, 2023",4th Qtr,0:16,True,2,12,False,107,107,BOS,PHI,2023,green
273,393,"May 7, 2023",1st OT,2:51,False,3,27,False,109,112,BOS,PHI,2023,red
297,354,"May 7, 2023",1st OT,1:04,False,3,27,False,111,112,BOS,PHI,2023,red
109,474,"May 7, 2023",1st OT,0:19,True,3,24,True,116,115,BOS,PHI,2023,green
162,363,"May 9, 2023",1st Qtr,6:18,True,2,17,True,16,13,BOS,PHI,2023,green
44,212,"May 9, 2023",1st Qtr,5:24,True,2,3,True,20,13,BOS,PHI,2023,green
326,311,"May 9, 2023",2nd Qtr,11:32,True,3,28,True,36,26,BOS,PHI,2023,green
175,288,"May 9, 2023",2nd Qtr,10:49,True,2,13,True,38,26,BOS,PHI,2023,green
164,150,"May 9, 2023",2nd Qtr,9:03,False,2,15,True,42,28,BOS,PHI,2023,red
59,413,"May 9, 2023",2nd Qtr,0:03,False,2,17,True,58,49,BOS,PHI,2023,red
45,313,"May 9, 2023",3rd Qtr,7:05,False,2,7,True,69,57,BOS,PHI,2023,red
299,378,"May 9, 2023",4th Qtr,9:52,False,3,28,True,92,78,BOS,PHI,2023,red
317,253,"May 11, 2023",1st Qtr,8:21,False,3,27,False,3,10,BOS,PHI,2023,red
193,478,"May 11, 2023",1st Qtr,7:34,False,3,28,False,3,13,BOS,PHI,2023,red
128,273,"May 11, 2023",1st Qtr,5:14,False,2,8,False,7,15,BOS,PHI,2023,red
106,252,"May 11, 2023",1st Qtr,3:41,False,2,6,False,12,18,BOS,PHI,2023,red
152,223,"May 11, 2023",2nd Qtr,11:26,True,2,10,False,24,32,BOS,PHI,2023,green
308,283,"May 11, 2023",2nd Qtr,10:23,False,3,26,False,24,37,BOS,PHI,2023,red
65,259,"May 11, 2023",2nd Qtr,9:25,False,2,2,False,24,37,BOS,PHI,2023,red
55,240,"May 11, 2023",2nd Qtr,7:18,True,2,1,False,28,40,BOS,PHI,2023,green
59,240,"May 11, 2023",2nd Qtr,3:39,True,2,1,False,34,46,BOS,PHI,2023,green
265,87,"May 11, 2023",2nd Qtr,2:34,False,3,26,False,34,48,BOS,PHI,2023,red
47,253,"May 11, 2023",3rd Qtr,8:23,True,2,1,False,52,60,BOS,PHI,2023,green
56,238,"May 11, 2023",3rd Qtr,0:35,False,2,1,True,71,69,BOS,PHI,2023,red
308,324,"May 11, 2023",4th Qtr,11:48,False,3,27,True,73,71,BOS,PHI,2023,red
327,252,"May 11, 2023",4th Qtr,4:29,False,3,28,True,83,81,BOS,PHI,2023,red
97,248,"May 11, 2023",4th Qtr,2:11,False,2,5,False,84,89,BOS,PHI,2023,red
31,212,"May 11, 2023",4th Qtr,1:37,False,2,3,False,84,92,BOS,PHI,2023,red
258,418,"May 14, 2023",1st Qtr,11:19,False,3,27,False,0,0,BOS,PHI,2023,red
79,256,"May 14, 2023",1st Qtr,11:11,True,2,3,True,2,0,BOS,PHI,2023,green
65,277,"May 14, 2023",1st Qtr,4:19,False,2,4,True,15,13,BOS,PHI,2023,red
263,387,"May 14, 2023",2nd Qtr,11:37,False,3,26,True,29,23,BOS,PHI,2023,red
128,322,"May 14, 2023",2nd Qtr,10:18,False,2,11,True,31,26,BOS,PHI,2023,red
141,335,"May 14, 2023",2nd Qtr,9:04,False,2,13,True,35,26,BOS,PHI,2023,red
101,212,"May 14, 2023",2nd Qtr,6:12,True,2,6,True,37,35,BOS,PHI,2023,green
208,443,"May 14, 2023",2nd Qtr,0:12,False,3,26,False,52,55,BOS,PHI,2023,red
289,120,"May 14, 2023",3rd Qtr,8:02,True,3,27,False,58,65,BOS,PHI,2023,green
300,330,"May 14, 2023",3rd Qtr,2:12,False,3,27,False,58,80,BOS,PHI,2023,red
67,218,"May 14, 2023",4th Qtr,10:04,False,2,3,False,65,91,BOS,PHI,2023,red
